Workbook
Name العملية: العملية!$A$1:$A$25

Sheet 01-04
I1: حركة الصندوق | J1: =SUM(J3:J11) -> 340 | K1: =SUM(K3:K11) -> 200 | L1: =SUM(L3:L11) -> 203.77778
H2: العملية | I2: البيان | J2: اللبناني | K2: الدولار | L2: مبيع $
H3: بيع | J3: 400 | L3: =K3+(J3/90) -> 4.4444444
H4: بيع | J4: 300 | L4: =K4+(J4/90) -> 3.3333333
H5: بيع | J5: -360 | K5: 200 | L5: =K5+(J5/90) -> 196
H6: بيع | L6: =K6+(J6/90) -> 0
H7: بيع | L7: =K7+(J7/90) -> 0
L8: =K8+(J8/90) -> 0
L9: =K9+(J9/90) -> 0
L10: =K10+(J10/90) -> 0
A11: جرد اول النهار | L11: =K11+(J11/90) -> 0 | N11: جرد اخر النهار
A12: الفئة دولار | B12: العدد | C12: المجموع | D12: الفئة لبناني | E12: العدد | F12: المجموع | I12: البيان | J12: اللبناني | K12: الدولار | L12: مبيع $ | N12: الفئة دولار | O12: العدد | P12: المجموع | Q12: الفئة لبناني | R12: العدد | S12: المجموع
A13: 1 | B13: 1 | C13: =A13*B13 -> 1 | D13: 5 | E13: 44 | F13: =D13*E13 -> 220 | H13: بيع | I13: سبراي | J13: 140 | L13: ='01-04'!$K13+('01-04'!$J13/90) -> 1.5555556 | N13: 1 | P13: =N13*O13 -> 0 | Q13: 5 | R13: 48 | S13: =Q13*R13 -> 240
A14: 5 | B14: 6 | C14: =A14*B14 -> 30 | D14: 10 | E14: 28 | F14: =D14*E14 -> 280 | H14: بيع | I14: غطاء فينيسيا | K14: 10 | L14: ='01-04'!$K14+('01-04'!$J14/90) -> 10 | N14: 5 | O14: 5 | P14: =N14*O14 -> 25 | Q14: 10 | R14: 32 | S14: =Q14*R14 -> 320
A15: 10 | B15: 59 | C15: =A15*B15 -> 590 | D15: 20 | E15: 14 | F15: =D15*E15 -> 280 | H15: بيع | I15: - | J15: -10 | L15: ='01-04'!$K15+('01-04'!$J15/90) -> -0.11111111 | N15: 10 | O15: 61 | P15: =N15*O15 -> 610 | Q15: 20 | R15: 13 | S15: =Q15*R15 -> 260
A16: 20 | B16: 5 | C16: =A16*B16 -> 100 | D16: 50 | F16: =D16*E16 -> 0 | H16: بيع | I16: محمود سلامة | J16: 1080 | L16: ='01-04'!$K16+('01-04'!$J16/90) -> 12 | N16: 20 | O16: 5 | P16: =N16*O16 -> 100 | Q16: 50 | S16: =Q16*R16 -> 0
A17: 50 | C17: =A17*B17 -> 0 | D17: 100 | E17: 55 | F17: =D17*E17 -> 5500 | H17: بيع | I17: ابو حسين سلامة | J17: -360 | K17: 85 | L17: ='01-04'!$K17+('01-04'!$J17/90) -> 81 | N17: 50 | O17: 2 | P17: =N17*O17 -> 100 | Q17: 100 | R17: 37 | S17: =Q17*R17 -> 3700
A18: 100 | B18: 3 | C18: =A18*B18 -> 300 | D18: المجموع | F18: =SUM(F13:F17) -> 6280 | H18: بيع | I18: وجيه | J18: -50 | L18: ='01-04'!$K18+('01-04'!$J18/90) -> -0.55555556 | N18: 100 | O18: 4 | P18: =N18*O18 -> 400 | Q18: المجموع | S18: =SUM(S13:S17) -> 4520
A19: المجموع | C19: =SUM(C13:C18) -> 1021 | H19: بيع | I19: جوان حصر وايزي | J19: 200 | L19: ='01-04'!$K19+('01-04'!$J19/90) -> 2.2222222 | N19: المجموع | P19: =SUM(P13:P18) -> 1235
H20: بيع | I20: تلزيق بلاط وطني | J20: 100 | K20: 20 | L20: ='01-04'!$K20+('01-04'!$J20/90) -> 21.111111 | Q20: حركة الصندوق ل.ل | S20: =SUM('01-04'!$J$13:$J$100) -> -3760
H21: بيع | I21: مسكة فيتاس | J21: 200 | L21: ='01-04'!$K21+('01-04'!$J21/90) -> 2.2222222 | N21: حركة الصندوق $ | P21: =SUM('01-04'!$K$13:$K$100) -> -370
H22: بيع | I22: خلاط دوش+سكر | K22: 25 | L22: ='01-04'!$K22+('01-04'!$J22/90) -> 25 | Q22: الفرق | S22: =S18-S20-F18 -> 2000
H23: بيع | I23: طابة سوداء | J23: -350 | K23: 5 | L23: ='01-04'!$K23+('01-04'!$J23/90) -> 1.1111111 | N23: الفرق | P23: =P19-P21-C19 -> 584
H24: بيع | I24: قطع وصل | K24: 34 | L24: ='01-04'!$K24+('01-04'!$J24/90) -> 34
H25: مصاريف | I25: بنزين ابراهيم | J25: -300 | L25: ='01-04'!$K25+('01-04'!$J25/90) -> -3.3333333
H26: بيع | I26: - | J26: -300 | K26: 5 | L26: ='01-04'!$K26+('01-04'!$J26/90) -> 1.6666667
H27: بيع | I27: عنق | J27: 350 | L27: ='01-04'!$K27+('01-04'!$J27/90) -> 3.8888889
H28: بيع | I28: نربيج شطافة | J28: 500 | L28: ='01-04'!$K28+('01-04'!$J28/90) -> 5.5555556
H29: بيع | I29: سوناكس | J29: -700 | K29: 10 | L29: ='01-04'!$K29+('01-04'!$J29/90) -> 2.2222222
H30: بيع | I30: ورق حف | J30: 270 | L30: ='01-04'!$K30+('01-04'!$J30/90) -> 3
H31: بيع | I31: علبة باتكس | J31: 270 | L31: ='01-04'!$K31+('01-04'!$J31/90) -> 3
H32: مصاريف | I32: بنزين عبد | J32: -300 | L32: ='01-04'!$K32+('01-04'!$J32/90) -> -3.3333333
H33: بيع | I33: تطويلة غروهي | J33: -360 | K33: 10 | L33: ='01-04'!$K33+('01-04'!$J33/90) -> 6
H34: بيع | I34: تفلون | J34: 70 | L34: ='01-04'!$K34+('01-04'!$J34/90) -> 0.77777778
H35: بيع | I35: نربيج غاز وحبسة | J35: 200 | L35: ='01-04'!$K35+('01-04'!$J35/90) -> 2.2222222
H36: بيع | I36: احمد القيسي | J36: 45 | K36: 10 | L36: ='01-04'!$K36+('01-04'!$J36/90) -> 10.5
H37: سحب | I37: للحاج اشتراك | K37: -110 | L37: ='01-04'!$K37+('01-04'!$J37/90) -> -110
H38: بيع | I38: بطاريات | K38: -55 | L38: ='01-04'!$K38+('01-04'!$J38/90) -> -55
H39: مصاريف | I39: بنزين حسام | J39: -2000 | L39: ='01-04'!$K39+('01-04'!$J39/90) -> -22.222222
H40: بيع | I40: شبك ورباطات | J40: 100 | K40: 15 | L40: ='01-04'!$K40+('01-04'!$J40/90) -> 16.111111
H41: بيع | I41: سيليكون شفاف | J41: 180 | L41: ='01-04'!$K41+('01-04'!$J41/90) -> 2
H42: بيع | I42: رزيستنس | K42: 10 | L42: ='01-04'!$K42+('01-04'!$J42/90) -> 10
H43: بيع | I43: عبد حمر ا | K43: 59 | L43: ='01-04'!$K43+('01-04'!$J43/90) -> 59
H44: بيع | I44: حسن سعادة | K44: 10 | L44: ='01-04'!$K44+('01-04'!$J44/90) -> 10
H45: بيع | I45: ديسك حديد2 | J45: 265 | L45: ='01-04'!$K45+('01-04'!$J45/90) -> 2.9444444
H46: بيع | I46: ناصر | K46: 50 | L46: ='01-04'!$K46+('01-04'!$J46/90) -> 50
H47: بيع | I47: مصفايتين | J47: 50 | K47: 10 | L47: ='01-04'!$K47+('01-04'!$J47/90) -> 10.555556
H48: بيع | I48: مفك | J48: -350 | K48: 5 | L48: ='01-04'!$K48+('01-04'!$J48/90) -> 1.1111111
H49: بيع | I49: رمل و ترابة | K49: 10 | L49: ='01-04'!$K49+('01-04'!$J49/90) -> 10
H50: بيع | I50: مع ابراهيم | K50: -4 | L50: ='01-04'!$K50+('01-04'!$J50/90) -> -4
H51: مصاريف | I51: تصليح دولاب | J51: -500 | L51: ='01-04'!$K51+('01-04'!$J51/90) -> -5.5555556
H52: بيع | I52: مطابقة | J52: -200 | L52: ='01-04'!$K52+('01-04'!$J52/90) -> -2.2222222
H53: بيع | K53: 11 | L53: ='01-04'!$K53+('01-04'!$J53/90) -> 11
H54: بيع | K54: 5 | L54: ='01-04'!$K54+('01-04'!$J54/90) -> 5
H55: بيع | J55: 150 | L55: ='01-04'!$K55+('01-04'!$J55/90) -> 1.6666667
H56: سحب | J56: 50 | L56: ='01-04'!$K56+('01-04'!$J56/90) -> 0.55555556
H57: بيع | J57: 50 | L57: ='01-04'!$K57+('01-04'!$J57/90) -> 0.55555556
H58: بيع | J58: 100 | L58: ='01-04'!$K58+('01-04'!$J58/90) -> 1.1111111
H59: بيع | J59: 570 | L59: ='01-04'!$K59+('01-04'!$J59/90) -> 6.3333333
H60: بيع | K60: -5 | L60: ='01-04'!$K60+('01-04'!$J60/90) -> -5
H61: سحب | K61: -15 | L61: ='01-04'!$K61+('01-04'!$J61/90) -> -15
H62: بيع | K62: 5 | L62: ='01-04'!$K62+('01-04'!$J62/90) -> 5
H63: بيع | J63: -250 | L63: ='01-04'!$K63+('01-04'!$J63/90) -> -2.7777778
H64: بيع | J64: 100 | L64: ='01-04'!$K64+('01-04'!$J64/90) -> 1.1111111
H65: بيع | K65: 20 | L65: ='01-04'!$K65+('01-04'!$J65/90) -> 20
H66: بيع | K66: 90 | L66: ='01-04'!$K66+('01-04'!$J66/90) -> 90
H67: بيع | J67: 850 | L67: ='01-04'!$K67+('01-04'!$J67/90) -> 9.4444444
H68: بيع | J68: -100 | K68: 10 | L68: ='01-04'!$K68+('01-04'!$J68/90) -> 8.8888889
H69: بيع | J69: -135 | K69: 5 | L69: ='01-04'!$K69+('01-04'!$J69/90) -> 3.5
H70: بيع | J70: -270 | K70: 20 | L70: ='01-04'!$K70+('01-04'!$J70/90) -> 17
H71: بيع | K71: 100 | L71: ='01-04'!$K71+('01-04'!$J71/90) -> 100
H72: بيع | J72: 200 | L72: ='01-04'!$K72+('01-04'!$J72/90) -> 2.2222222
H73: بيع | K73: -15 | L73: ='01-04'!$K73+('01-04'!$J73/90) -> -15
H74: بيع | J74: 130 | L74: ='01-04'!$K74+('01-04'!$J74/90) -> 1.4444444
H75: بيع | J75: 150 | L75: ='01-04'!$K75+('01-04'!$J75/90) -> 1.6666667
H76: بيع | J76: 800 | L76: ='01-04'!$K76+('01-04'!$J76/90) -> 8.8888889
H77: بيع | K77: 35 | L77: ='01-04'!$K77+('01-04'!$J77/90) -> 35
H78: بيع | J78: -170 | L78: ='01-04'!$K78+('01-04'!$J78/90) -> -1.8888889
H79: سحب | K79: 5 | L79: ='01-04'!$K79+('01-04'!$J79/90) -> 5
H80: بيع | K80: -25 | L80: ='01-04'!$K80+('01-04'!$J80/90) -> -25
H81: بيع | K81: 5 | L81: ='01-04'!$K81+('01-04'!$J81/90) -> 5
H82: بيع | J82: -225 | L82: ='01-04'!$K82+('01-04'!$J82/90) -> -2.5
H83: سحب | K83: -800 | L83: ='01-04'!$K83+('01-04'!$J83/90) -> -800
H84: بيع | K84: 5 | L84: ='01-04'!$K84+('01-04'!$J84/90) -> 5
H85: بيع | K85: -40 | L85: ='01-04'!$K85+('01-04'!$J85/90) -> -40
H86: سحب | J86: -4000 | L86: ='01-04'!$K86+('01-04'!$J86/90) -> -44.444444
H87: سحب | I87: من الحاج | K87: 250 | L87: ='01-04'!$K87+('01-04'!$J87/90) -> 250
H88: مصاريف | I88: كهرباء | K88: -250 | L88: ='01-04'!$K88+('01-04'!$J88/90) -> -250
H89: مصاريف | I89: مستودع الناعمة 4 | K89: -600 | L89: ='01-04'!$K89+('01-04'!$J89/90) -> -600
H90: سحب | I90: من الحاج | K90: 600 | L90: ='01-04'!$K90+('01-04'!$J90/90) -> 600
H91: مصاريف | I91: مستودع الناعمة 5 | K91: -600 | L91: ='01-04'!$K91+('01-04'!$J91/90) -> -600
H92: سحب | I92: من الحاج | K92: 600 | L92: ='01-04'!$K92+('01-04'!$J92/90) -> 600
L93: ='01-04'!$K93+('01-04'!$J93/90) -> 0
L94: ='01-04'!$K94+('01-04'!$J94/90) -> 0
L95: ='01-04'!$K95+('01-04'!$J95/90) -> 0
L96: ='01-04'!$K96+('01-04'!$J96/90) -> 0
L97: ='01-04'!$K97+('01-04'!$J97/90) -> 0
L98: ='01-04'!$K98+('01-04'!$J98/90) -> 0
L99: ='01-04'!$K99+('01-04'!$J99/90) -> 0
L100: ='01-04'!$K100+('01-04'!$J100/90) -> 0

Sheet 02-04
I1: حركة الصندوق | J1: =SUM(J3:J11) -> 600 | K1: =SUM(K3:K11) -> 90 | L1: =SUM(L3:L11) -> 96.666667
H2: العملية | I2: البيان | J2: اللبناني | K2: الدولار | L2: مبيع $
H3: بيع | I3: لقمان | K3: 80 | L3: =K3+(J3/90) -> 80
H4: بيع | J4: 150 | L4: =K4+(J4/90) -> 1.6666667
H5: بيع | J5: -150 | K5: 10 | L5: =K5+(J5/90) -> 8.3333333
H6: بيع | J6: 300 | L6: =K6+(J6/90) -> 3.3333333
H7: بيع | I7: رمل | J7: 300 | L7: =K7+(J7/90) -> 3.3333333
L8: =K8+(J8/90) -> 0
L9: =K9+(J9/90) -> 0
L10: =K10+(J10/90) -> 0
L11: =K11+(J11/90) -> 0
A13: جرد اول النهار | I13: حركة الصندوق | J13: =SUM('02-04'!$J$15:$J$138) -> -1345 | K13: =SUM('02-04'!$K$15:$K$138) -> 264 | L13: =SUM('02-04'!$L$15:$L$138) -> 249.05556 | N13: جرد اخر النهار
A14: الفئة دولار | B14: العدد | C14: المجموع | D14: الفئة لبناني | E14: العدد | F14: المجموع | H14: العملية | I14: البيان | J14: اللبناني | K14: الدولار | L14: مبيع $ | N14: الفئة دولار | O14: العدد | P14: المجموع | Q14: الفئة لبناني | R14: العدد | S14: المجموع
A15: 1 | B15: 1 | C15: =A15*B15 -> 1 | D15: 5 | E15: 46 | F15: =D15*E15 -> 230 | H15: بيع | I15: فرشاية | J15: 70 | L15: ='02-04'!$K15+('02-04'!$J15/90) -> 0.77777778 | N15: 1 | P15: =N15*O15 -> 0 | Q15: 5 | R15: 43 | S15: =Q15*R15 -> 215
A16: 5 | C16: =A16*B16 -> 0 | D16: 10 | E16: 27 | F16: =D16*E16 -> 270 | H16: جملة | I16: عماد شعبان | J16: 100 | K16: 76 | L16: ='02-04'!$K16+('02-04'!$J16/90) -> 77.111111 | N16: 5 | O16: 5 | P16: =N16*O16 -> 25 | Q16: 10 | R16: 24 | S16: =Q16*R16 -> 240
A17: 10 | B17: 60 | C17: =A17*B17 -> 600 | D17: 20 | E17: 5 | F17: =D17*E17 -> 100 | H17: مصاريف | I17: بنزين ابراهيم | J17: -300 | L17: ='02-04'!$K17+('02-04'!$J17/90) -> -3.3333333 | N17: 10 | O17: 60 | P17: =N17*O17 -> 600 | Q17: 20 | R17: 5 | S17: =Q17*R17 -> 100
A18: 20 | B18: 2 | C18: =A18*B18 -> 40 | D18: 50 | F18: =D18*E18 -> 0 | H18: بيع | I18: قازان 100 فيلوكس | K18: 115 | L18: ='02-04'!$K18+('02-04'!$J18/90) -> 115 | N18: 20 | O18: 19 | P18: =N18*O18 -> 380 | Q18: 50 | R18: 4 | S18: =Q18*R18 -> 200
A19: 50 | C19: =A19*B19 -> 0 | D19: 100 | E19: 27 | F19: =D19*E19 -> 2700 | H19: بيع | I19: غطاء ريغار | K19: 15 | L19: ='02-04'!$K19+('02-04'!$J19/90) -> 15 | N19: 50 | O19: 2 | P19: =N19*O19 -> 100 | Q19: 100 | R19: 62 | S19: =Q19*R19 -> 6200
A20: 100 | B20: 1 | C20: =A20*B20 -> 100 | D20: المجموع | F20: =SUM(F15:F19) -> 3300 | H20: بيع | I20: متر | J20: 75 | K20: 2 | L20: ='02-04'!$K20+('02-04'!$J20/90) -> 2.8333333 | N20: 100 | O20: 50 | P20: =N20*O20 -> 5000 | Q20: المجموع | S20: =SUM(S15:S19) -> 6955
A21: المجموع | C21: =SUM(C15:C20) -> 741 | H21: بيع | I21: مرتجع حجر | K21: -10 | L21: ='02-04'!$K21+('02-04'!$J21/90) -> -10 | N21: المجموع | P21: =SUM(P15:P20) -> 6105
H22: بيع | I22: باقي رمل | J22: 40 | L22: ='02-04'!$K22+('02-04'!$J22/90) -> 0.44444444 | Q22: حركة الصندوق ل.ل | S22: =SUM('02-04'!$J$15:$J$138) -> -1345
H23: بيع | I23: قلبين ايطالي | J23: -50 | K23: 6 | L23: ='02-04'!$K23+('02-04'!$J23/90) -> 5.4444444 | N23: حركة الصندوق $ | P23: =SUM('02-04'!$K$15:$K$138) -> 264
H24: بيع | J24: -320 | K24: 10 | L24: ='02-04'!$K24+('02-04'!$J24/90) -> 6.4444444 | Q24: الفرق | S24: =S20-S22-F20 -> 5000
H25: بيع | J25: -300 | K25: 5 | L25: ='02-04'!$K25+('02-04'!$J25/90) -> 1.6666667 | N25: الفرق | P25: =P21-P23-C21 -> 5100
H26: بيع | I26: وجيه | K26: 40 | L26: ='02-04'!$K26+('02-04'!$J26/90) -> 40
H27: بيع | J27: 510 | L27: ='02-04'!$K27+('02-04'!$J27/90) -> 5.6666667
H28: بيع | I28: قلب | J28: 100 | L28: ='02-04'!$K28+('02-04'!$J28/90) -> 1.1111111
H29: بيع | J29: 350 | L29: ='02-04'!$K29+('02-04'!$J29/90) -> 3.8888889
H30: بيع | J30: 120 | L30: ='02-04'!$K30+('02-04'!$J30/90) -> 1.3333333
H31: بيع | I31: تلوينة | J31: 100 | L31: ='02-04'!$K31+('02-04'!$J31/90) -> 1.1111111
H32: بيع | I32: زراعي | J32: 250 | L32: ='02-04'!$K32+('02-04'!$J32/90) -> 2.7777778
H33: بيع | I33: خرطوشة فلتر | J33: 420 | L33: ='02-04'!$K33+('02-04'!$J33/90) -> 4.6666667
H34: بيع | I34: بلال مكداشي | J34: 1150 | K34: 100 | L34: ='02-04'!$K34+('02-04'!$J34/90) -> 112.77778
H35: بيع | I35: سيليكون | K35: 2 | L35: ='02-04'!$K35+('02-04'!$J35/90) -> 2
H36: بيع | I36: سكر دوبل | J36: 150 | L36: ='02-04'!$K36+('02-04'!$J36/90) -> 1.6666667
H37: بيع | I37: علي اكشاي | K37: 54 | L37: ='02-04'!$K37+('02-04'!$J37/90) -> 54
H38: بيع | I38: موتير غسالة ستانلس | K38: 22 | L38: ='02-04'!$K38+('02-04'!$J38/90) -> 22
H39: بيع | I39: محمد الطير | K39: 105 | L39: ='02-04'!$K39+('02-04'!$J39/90) -> 105
H40: بيع | I40: براغي | J40: 510 | L40: ='02-04'!$K40+('02-04'!$J40/90) -> 5.6666667
H41: بيع | I41: موتير ليو حصان | K41: 63 | L41: ='02-04'!$K41+('02-04'!$J41/90) -> 63
H42: بيع | I42: غطاء كرسي | K42: 9 | L42: ='02-04'!$K42+('02-04'!$J42/90) -> 9
H43: بيع | I43: نواعم | K43: 22 | L43: ='02-04'!$K43+('02-04'!$J43/90) -> 22
H44: بيع | I44: مهدي | J44: -900 | K44: 10 | L44: ='02-04'!$K44+('02-04'!$J44/90) -> 0
H45: بيع | I45: قازان غاز | J45: -540 | K45: 160 | L45: ='02-04'!$K45+('02-04'!$J45/90) -> 154
H46: سحب | I46: بيد م. علي | K46: -700 | L46: ='02-04'!$K46+('02-04'!$J46/90) -> -700
H47: بيع | I47: مسكة باب+قفل | J47: -110 | K47: 30 | L47: ='02-04'!$K47+('02-04'!$J47/90) -> 28.777778
H48: بيع | I48: باكس 18 | J48: 240 | L48: ='02-04'!$K48+('02-04'!$J48/90) -> 2.6666667
H49: بيع | I49: احمد الديري | J49: -675 | K49: 10 | L49: ='02-04'!$K49+('02-04'!$J49/90) -> 2.5
H50: مصاريف | I50: ماي للمحل | J50: -50 | L50: ='02-04'!$K50+('02-04'!$J50/90) -> -0.55555556
H51: بيع | I51: حجر 10 | J51: 900 | L51: ='02-04'!$K51+('02-04'!$J51/90) -> 10
H52: بيع | I52: جهاد موتير 3/4 | J52: -450 | K52: -50 | L52: ='02-04'!$K52+('02-04'!$J52/90) -> -55
H53: بيع | I53: سبراي+ترابة س | J53: -400 | K53: 10 | L53: ='02-04'!$K53+('02-04'!$J53/90) -> 5.5555556
H54: بيع | J54: -225 | K54: 80 | L54: ='02-04'!$K54+('02-04'!$J54/90) -> 77.5
H55: بيع | J55: 1500 | K55: 10 | L55: ='02-04'!$K55+('02-04'!$J55/90) -> 26.666667
H56: بيع | J56: 350 | L56: ='02-04'!$K56+('02-04'!$J56/90) -> 3.8888889
H57: بيع | J57: 100 | L57: ='02-04'!$K57+('02-04'!$J57/90) -> 1.1111111
H58: بيع | J58: -250 | K58: 10 | L58: ='02-04'!$K58+('02-04'!$J58/90) -> 7.2222222
H59: بيع | I59: مطابقة | J59: -625 | K59: 3 | L59: ='02-04'!$K59+('02-04'!$J59/90) -> -3.9444444
H60: بيع | J60: 120 | L60: ='02-04'!$K60+('02-04'!$J60/90) -> 1.3333333
H61: بيع | J61: -90 | K61: 5 | L61: ='02-04'!$K61+('02-04'!$J61/90) -> 4
H62: بيع | J62: -180 | K62: 10 | L62: ='02-04'!$K62+('02-04'!$J62/90) -> 8
H63: بيع | K63: 15 | L63: ='02-04'!$K63+('02-04'!$J63/90) -> 15
H64: بيع | J64: -30 | L64: ='02-04'!$K64+('02-04'!$J64/90) -> -0.33333333
H65: بيع | J65: 900 | L65: ='02-04'!$K65+('02-04'!$J65/90) -> 10
H66: سحب | I66: بيد م. علي | J66: -2000 | L66: ='02-04'!$K66+('02-04'!$J66/90) -> -22.222222
H67: بيع | J67: 1000 | L67: ='02-04'!$K67+('02-04'!$J67/90) -> 11.111111
H68: بيع | J68: -540 | K68: 40 | L68: ='02-04'!$K68+('02-04'!$J68/90) -> 34
H69: بيع | K69: 4000 | L69: ='02-04'!$K69+('02-04'!$J69/90) -> 4000
H70: بيع | J70: 500 | L70: ='02-04'!$K70+('02-04'!$J70/90) -> 5.5555556
H71: بيع | J71: -180 | K71: 10 | L71: ='02-04'!$K71+('02-04'!$J71/90) -> 8
H72: بيع | K72: 70 | L72: ='02-04'!$K72+('02-04'!$J72/90) -> 70
H73: بيع | J73: 50 | K73: 5 | L73: ='02-04'!$K73+('02-04'!$J73/90) -> 5.5555556
H74: بيع | J74: 180 | L74: ='02-04'!$K74+('02-04'!$J74/90) -> 2
H75: بيع | J75: 220 | L75: ='02-04'!$K75+('02-04'!$J75/90) -> 2.4444444
H76: بيع | J76: -250 | K76: 10 | L76: ='02-04'!$K76+('02-04'!$J76/90) -> 7.2222222
H77: بيع | J77: 450 | K77: 10 | L77: ='02-04'!$K77+('02-04'!$J77/90) -> 15
H78: بيع | J78: 320 | L78: ='02-04'!$K78+('02-04'!$J78/90) -> 3.5555556
H79: بيع | J79: -270 | K79: 30 | L79: ='02-04'!$K79+('02-04'!$J79/90) -> 27
H80: بيع | K80: 150 | L80: ='02-04'!$K80+('02-04'!$J80/90) -> 150
H81: بيع | J81: 150 | L81: ='02-04'!$K81+('02-04'!$J81/90) -> 1.6666667
H82: بيع | J82: -225 | K82: 5 | L82: ='02-04'!$K82+('02-04'!$J82/90) -> 2.5
H83: بيع | J83: 220 | L83: ='02-04'!$K83+('02-04'!$J83/90) -> 2.4444444
H84: بيع | J84: 100 | L84: ='02-04'!$K84+('02-04'!$J84/90) -> 1.1111111
H85: بيع | J85: 350 | L85: ='02-04'!$K85+('02-04'!$J85/90) -> 3.8888889
H86: بيع | J86: -400 | K86: 10 | L86: ='02-04'!$K86+('02-04'!$J86/90) -> 5.5555556
H87: بيع | K87: 10 | L87: ='02-04'!$K87+('02-04'!$J87/90) -> 10
H88: بيع | J88: 80 | L88: ='02-04'!$K88+('02-04'!$J88/90) -> 0.88888889
H89: بيع | J89: -270 | K89: 110 | L89: ='02-04'!$K89+('02-04'!$J89/90) -> 107
H90: بيع | J90: 415 | L90: ='02-04'!$K90+('02-04'!$J90/90) -> 4.6111111
H91: بيع | J91: 660 | L91: ='02-04'!$K91+('02-04'!$J91/90) -> 7.3333333
H92: بيع | J92: -600 | K92: 10 | L92: ='02-04'!$K92+('02-04'!$J92/90) -> 3.3333333
H93: بيع | J93: 150 | L93: ='02-04'!$K93+('02-04'!$J93/90) -> 1.6666667
H94: بيع | K94: 90 | L94: ='02-04'!$K94+('02-04'!$J94/90) -> 90
H95: بيع | J95: -270 | L95: ='02-04'!$K95+('02-04'!$J95/90) -> -3
H96: بيع | K96: 70 | L96: ='02-04'!$K96+('02-04'!$J96/90) -> 70
H97: بيع | K97: 40 | L97: ='02-04'!$K97+('02-04'!$J97/90) -> 40
H98: بيع | K98: 5 | L98: ='02-04'!$K98+('02-04'!$J98/90) -> 5
H99: بيع | K99: 5 | L99: ='02-04'!$K99+('02-04'!$J99/90) -> 5
H100: بيع | J100: -100 | L100: ='02-04'!$K100+('02-04'!$J100/90) -> -1.1111111
H101: بيع | J101: 180 | L101: ='02-04'!$K101+('02-04'!$J101/90) -> 2
...

Sheet 03-04
I1: حركة الصندوق | J1: =SUM(J3:J11) -> 285 | K1: =SUM(K3:K11) -> 165 | L1: =SUM(L3:L11) -> 168.16667
H2: العملية | I2: البيان | J2: اللبناني | K2: الدولار | L2: مبيع $
H3: بيع | K3: 100 | L3: =K3+(J3/90) -> 100
H4: بيع | J4: -225 | L4: =K4+(J4/90) -> -2.5
H5: بيع | K5: 15 | L5: =K5+(J5/90) -> 15
H6: بيع | J6: 100 | L6: =K6+(J6/90) -> 1.1111111
H7: بيع | J7: 360 | L7: =K7+(J7/90) -> 4
H8: بيع | K8: 10 | L8: =K8+(J8/90) -> 10
H9: بيع | J9: 50 | K9: 5 | L9: =K9+(J9/90) -> 5.5555556
H10: بيع | I10: مع الحاج | K10: 35 | L10: =K10+(J10/90) -> 35
L11: =K11+(J11/90) -> 0
A13: جرد اول النهار | I13: حركة الصندوق | J13: =SUM('03-04'!$J$15:$J$135) -> -70 | K13: =SUM('03-04'!$K$15:$K$135) -> -86 | L13: =SUM('03-04'!$L$15:$L$135) -> -86.777778 | N13: جرد اخر النهار
A14: الفئة دولار | B14: العدد | C14: المجموع | D14: الفئة لبناني | E14: العدد | F14: المجموع | H14: العملية | I14: البيان | J14: اللبناني | K14: الدولار | L14: مبيع $ | N14: الفئة دولار | O14: العدد | P14: المجموع | Q14: الفئة لبناني | R14: العدد | S14: المجموع
A15: 1 | C15: =A15*B15 -> 0 | D15: 5 | E15: 42 | F15: =D15*E15 -> 210 | H15: بيع | I15: مملوك | K15: 40 | L15: ='03-04'!$K15+('03-04'!$J15/90) -> 40 | N15: 1 | P15: =N15*O15 -> 0 | Q15: 5 | R15: 31 | S15: =Q15*R15 -> 155
A16: 5 | B16: 5 | C16: =A16*B16 -> 25 | D16: 10 | E16: 24 | F16: =D16*E16 -> 240 | H16: بيع | I16: باكس 18 | J16: 200 | K16: 25 | L16: ='03-04'!$K16+('03-04'!$J16/90) -> 27.222222 | N16: 5 | O16: 7 | P16: =N16*O16 -> 35 | Q16: 10 | R16: 24 | S16: =Q16*R16 -> 240
A17: 10 | B17: 55 | C17: =A17*B17 -> 550 | D17: 20 | E17: 2 | F17: =D17*E17 -> 40 | H17: بيع | I17: تنر | J17: 200 | L17: ='03-04'!$K17+('03-04'!$J17/90) -> 2.2222222 | N17: 10 | O17: 56 | P17: =N17*O17 -> 560 | Q17: 20 | R17: 3 | S17: =Q17*R17 -> 60
A18: 20 | B18: 16 | C18: =A18*B18 -> 320 | D18: 50 | E18: 5 | F18: =D18*E18 -> 250 | H18: بيع | I18: ابو حسن صالح | K18: 67 | L18: ='03-04'!$K18+('03-04'!$J18/90) -> 67 | N18: 20 | O18: 23 | P18: =N18*O18 -> 460 | Q18: 50 | R18: 2 | S18: =Q18*R18 -> 100
A19: 50 | B19: 3 | C19: =A19*B19 -> 150 | D19: 100 | E19: 15 | F19: =D19*E19 -> 1500 | H19: سحب | I19: من الحاج | K19: 10 | L19: ='03-04'!$K19+('03-04'!$J19/90) -> 10 | N19: 50 | O19: 6 | P19: =N19*O19 -> 300 | Q19: 100 | R19: 31 | S19: =Q19*R19 -> 3100
A20: 100 | B20: 1 | C20: =A20*B20 -> 100 | D20: المجموع | F20: =SUM(F15:F19) -> 2240 | H20: مصاريف | I20: بنزين | K20: -10 | L20: ='03-04'!$K20+('03-04'!$J20/90) -> -10 | N20: 100 | O20: 3 | P20: =N20*O20 -> 300 | Q20: المجموع | S20: =SUM(S15:S19) -> 3655
A21: المجموع | C21: =SUM(C15:C20) -> 1145 | H21: بيع | I21: خرطوشة فلتر | K21: 3 | L21: ='03-04'!$K21+('03-04'!$J21/90) -> 3 | N21: المجموع | P21: =SUM(P15:P20) -> 1655
H22: بيع | I22: اكياس ردم | J22: 270 | L22: ='03-04'!$K22+('03-04'!$J22/90) -> 3 | Q22: حركة الصندوق ل.ل | S22: =SUM('03-04'!$J$15:$J$135) -> -70
H23: بيع | I23: خلاط مجلى برم | J23: -180 | K23: 20 | L23: ='03-04'!$K23+('03-04'!$J23/90) -> 18 | N23: حركة الصندوق $ | P23: =SUM('03-04'!$K$15:$K$135) -> -86
H24: بيع | I24: ابو هشام | J24: -180 | K24: 50 | L24: ='03-04'!$K24+('03-04'!$J24/90) -> 48 | Q24: الفرق | S24: =S20-S22-F20 -> 1485
H25: بيع | I25: محمد فواز | J25: -300 | K25: 10 | L25: ='03-04'!$K25+('03-04'!$J25/90) -> 6.6666667 | N25: الفرق | P25: =P21-P23-C21 -> 596
H26: بيع | I26: عزقة 8ملم | J26: 25 | L26: ='03-04'!$K26+('03-04'!$J26/90) -> 0.27777778
H27: بيع | I27: قنينة 100 | J27: 400 | K27: 50 | L27: ='03-04'!$K27+('03-04'!$J27/90) -> 54.444444
H28: بيع | I28: قازان تيرمو | K28: 65 | L28: ='03-04'!$K28+('03-04'!$J28/90) -> 65
H29: بيع | I29: مع الحاج | K29: 57 | L29: ='03-04'!$K29+('03-04'!$J29/90) -> 57
H30: بيع | I30: مع الحاج | K30: 55 | L30: ='03-04'!$K30+('03-04'!$J30/90) -> 55
H31: سحب | I31: بيد الحاج | K31: -112 | L31: ='03-04'!$K31+('03-04'!$J31/90) -> -112
H32: بيع | I32: عثمان سوبره | K32: 80 | L32: ='03-04'!$K32+('03-04'!$J32/90) -> 80
H33: بيع | I33: عدة جنب وسكر | J33: 400 | K33: 20 | L33: ='03-04'!$K33+('03-04'!$J33/90) -> 24.444444
H34: بيع | I34: حنفية وعنق | J34: -180 | K34: 15 | L34: ='03-04'!$K34+('03-04'!$J34/90) -> 13
H35: بيع | I35: سبراي | J35: 150 | L35: ='03-04'!$K35+('03-04'!$J35/90) -> 1.6666667
H36: بيع | I36: مسكة دوش ونربيج | K36: 10 | L36: ='03-04'!$K36+('03-04'!$J36/90) -> 10
H37: بيع | I37: قطرون | J37: 170 | L37: ='03-04'!$K37+('03-04'!$J37/90) -> 1.8888889
H38: بيع | I38: اصبع بي يو | J38: -400 | K38: 10 | L38: ='03-04'!$K38+('03-04'!$J38/90) -> 5.5555556
H39: بيع | I39: حنفية غسالة | J39: -90 | K39: 5 | L39: ='03-04'!$K39+('03-04'!$J39/90) -> 4
H40: مصاريف | J40: -600 | L40: ='03-04'!$K40+('03-04'!$J40/90) -> -6.6666667
H41: بيع | I41: احمد حلمي | J41: 900 | L41: ='03-04'!$K41+('03-04'!$J41/90) -> 10
H42: بيع | J42: 350 | K42: 20 | L42: ='03-04'!$K42+('03-04'!$J42/90) -> 23.888889
H43: بيع | J43: 60 | L43: ='03-04'!$K43+('03-04'!$J43/90) -> 0.66666667
H44: بيع | I44: نربيج غاز | K44: 10 | L44: ='03-04'!$K44+('03-04'!$J44/90) -> 10
H45: بيع | I45: كيلو ترابة بيضاء | J45: 50 | L45: ='03-04'!$K45+('03-04'!$J45/90) -> 0.55555556
H46: بيع | K46: 15 | L46: ='03-04'!$K46+('03-04'!$J46/90) -> 15
H47: بيع | J47: 500 | L47: ='03-04'!$K47+('03-04'!$J47/90) -> 5.5555556
H48: بيع | K48: 5 | L48: ='03-04'!$K48+('03-04'!$J48/90) -> 5
H49: بيع | K49: 5 | L49: ='03-04'!$K49+('03-04'!$J49/90) -> 5
H50: بيع | J50: -360 | L50: ='03-04'!$K50+('03-04'!$J50/90) -> -4
H51: بيع | J51: 150 | L51: ='03-04'!$K51+('03-04'!$J51/90) -> 1.6666667
H52: بيع | I52: مطابقة | J52: -120 | K52: -15 | L52: ='03-04'!$K52+('03-04'!$J52/90) -> -16.333333 | N52: مطابق
H53: بيع | I53: عودة وقاروط | K53: 500 | L53: ='03-04'!$K53+('03-04'!$J53/90) -> 500
H54: بيع | I54: ابو عبدو | J54: 140 | K54: 1 | L54: ='03-04'!$K54+('03-04'!$J54/90) -> 2.5555556
H55: بيع | I55: مسكة شطافة | J55: -300 | K55: 10 | L55: ='03-04'!$K55+('03-04'!$J55/90) -> 6.6666667
H56: بيع | J56: 300 | L56: ='03-04'!$K56+('03-04'!$J56/90) -> 3.3333333
H57: مصاريف | J57: -2000 | L57: ='03-04'!$K57+('03-04'!$J57/90) -> -22.222222
H58: مصاريف | J58: -300 | L58: ='03-04'!$K58+('03-04'!$J58/90) -> -3.3333333
H59: بيع | J59: -300 | K59: 5 | L59: ='03-04'!$K59+('03-04'!$J59/90) -> 1.6666667
H60: بيع | K60: 5 | L60: ='03-04'!$K60+('03-04'!$J60/90) -> 5
H61: بيع | J61: 60 | L61: ='03-04'!$K61+('03-04'!$J61/90) -> 0.66666667
H62: بيع | J62: -150 | K62: 20 | L62: ='03-04'!$K62+('03-04'!$J62/90) -> 18.333333
H63: بيع | K63: 30 | L63: ='03-04'!$K63+('03-04'!$J63/90) -> 30
H64: بيع | J64: 675 | L64: ='03-04'!$K64+('03-04'!$J64/90) -> 7.5
H65: بيع | K65: 24 | L65: ='03-04'!$K65+('03-04'!$J65/90) -> 24
H66: بيع | J66: -100 | L66: ='03-04'!$K66+('03-04'!$J66/90) -> -1.1111111
H67: بيع | K67: 60 | L67: ='03-04'!$K67+('03-04'!$J67/90) -> 60
H68: بيع | J68: 500 | L68: ='03-04'!$K68+('03-04'!$J68/90) -> 5.5555556
H69: بيع | J69: -325 | L69: ='03-04'!$K69+('03-04'!$J69/90) -> -3.6111111
H70: بيع | J70: -200 | K70: 5 | L70: ='03-04'!$K70+('03-04'!$J70/90) -> 2.7777778
H71: بيع | J71: -100 | K71: 5 | L71: ='03-04'!$K71+('03-04'!$J71/90) -> 3.8888889
H72: بيع | J72: 100 | K72: 5 | L72: ='03-04'!$K72+('03-04'!$J72/90) -> 6.1111111
H73: بيع | J73: 140 | L73: ='03-04'!$K73+('03-04'!$J73/90) -> 1.5555556
H74: بيع | J74: 250 | L74: ='03-04'!$K74+('03-04'!$J74/90) -> 2.7777778
H75: بيع | J75: -270 | L75: ='03-04'!$K75+('03-04'!$J75/90) -> -3
H76: بيع | J76: -320 | K76: 10 | L76: ='03-04'!$K76+('03-04'!$J76/90) -> 6.4444444
H77: بيع | J77: -320 | K77: 10 | L77: ='03-04'!$K77+('03-04'!$J77/90) -> 6.4444444
H78: بيع | J78: 100 | K78: 120 | L78: ='03-04'!$K78+('03-04'!$J78/90) -> 121.11111
H79: بيع | K79: 32 | L79: ='03-04'!$K79+('03-04'!$J79/90) -> 32
H80: بيع | J80: 50 | L80: ='03-04'!$K80+('03-04'!$J80/90) -> 0.55555556
H81: بيع | K81: 20 | L81: ='03-04'!$K81+('03-04'!$J81/90) -> 20
H82: بيع | K82: 10 | L82: ='03-04'!$K82+('03-04'!$J82/90) -> 10
H83: بيع | J83: 150 | L83: ='03-04'!$K83+('03-04'!$J83/90) -> 1.6666667
H84: بيع | J84: 200 | L84: ='03-04'!$K84+('03-04'!$J84/90) -> 2.2222222
H85: بيع | J85: -100 | K85: 130 | L85: ='03-04'!$K85+('03-04'!$J85/90) -> 128.88889
H86: بيع | J86: -360 | K86: 10 | L86: ='03-04'!$K86+('03-04'!$J86/90) -> 6
H87: بيع | J87: -360 | K87: 350 | L87: ='03-04'!$K87+('03-04'!$J87/90) -> 346
H88: بيع | J88: -100 | K88: 10 | L88: ='03-04'!$K88+('03-04'!$J88/90) -> 8.8888889
H89: بيع | J89: 60 | L89: ='03-04'!$K89+('03-04'!$J89/90) -> 0.66666667
H90: بيع | J90: -250 | K90: 5 | L90: ='03-04'!$K90+('03-04'!$J90/90) -> 2.2222222
H91: سحب | K91: -100 | L91: ='03-04'!$K91+('03-04'!$J91/90) -> -100
H92: بيع | K92: 9 | L92: ='03-04'!$K92+('03-04'!$J92/90) -> 9
H93: بيع | J93: 360 | L93: ='03-04'!$K93+('03-04'!$J93/90) -> 4
H94: بيع | J94: 100 | L94: ='03-04'!$K94+('03-04'!$J94/90) -> 1.1111111
H95: بيع | J95: 100 | L95: ='03-04'!$K95+('03-04'!$J95/90) -> 1.1111111
H96: بيع | J96: 2000 | L96: ='03-04'!$K96+('03-04'!$J96/90) -> 22.222222
H97: بيع | J97: 225 | L97: ='03-04'!$K97+('03-04'!$J97/90) -> 2.5
H98: بيع | K98: 10 | L98: ='03-04'!$K98+('03-04'!$J98/90) -> 10
H99: بيع | J99: -400 | K99: 10 | L99: ='03-04'!$K99+('03-04'!$J99/90) -> 5.5555556
H100: بيع | J100: -450 | K100: 5 | L100: ='03-04'!$K100+('03-04'!$J100/90) -> 0
H101: بيع | J101: -350 | K101: 10 | L101: ='03-04'!$K101+('03-04'!$J101/90) -> 6.1111111
...

Sheet 04-04
I1: حركة الصندوق | J1: =SUM(J3:J11) -> -1180 | K1: =SUM(K3:K11) -> 14 | L1: =SUM(L3:L11) -> 0.88888889
H2: العملية | I2: البيان | J2: اللبناني | K2: الدولار | L2: مبيع $
H3: مصاريف | J3: -300 | L3: =K3+(J3/90) -> -3.3333333
H4: مصاريف | J4: -480 | L4: =K4+(J4/90) -> -5.3333333
H5: بيع | K5: 19 | L5: =K5+(J5/90) -> 19
H6: بيع | K6: 10 | L6: =K6+(J6/90) -> 10
H7: سحب | J7: -400 | L7: =K7+(J7/90) -> -4.4444444
H8: بيع | L8: =K8+(J8/90) -> 0
H9: بيع | K9: -15 | L9: =K9+(J9/90) -> -15
H10: بيع | L10: =K10+(J10/90) -> 0
L11: =K11+(J11/90) -> 0
A12: 03-04
A13: جرد اول النهار | I13: حركة الصندوق | J13: =SUM('04-04'!$J$15:$J$143) -> 935 | K13: =SUM('04-04'!$K$15:$K$143) -> 1047 | L13: =SUM('04-04'!$L$15:$L$143) -> 1057.3889 | N13: جرد اخر النهار
A14: الفئة دولار | B14: العدد | C14: المجموع | D14: الفئة لبناني | E14: العدد | F14: المجموع | H14: العملية | I14: البيان | J14: اللبناني | K14: الدولار | L14: مبيع $ | N14: الفئة دولار | O14: العدد | P14: المجموع | Q14: الفئة لبناني | R14: العدد | S14: المجموع
A15: 1 | B15: 3 | C15: =A15*B15 -> 3 | D15: 5 | E15: 26 | F15: =D15*E15 -> 130 | H15: بيع | I15: طابة | K15: 5 | L15: ='04-04'!$K15+('04-04'!$J15/90) -> 5 | N15: 1 | P15: =N15*O15 -> 0 | Q15: 5 | R15: 27 | S15: =Q15*R15 -> 135
A16: 5 | B16: 4 | C16: =A16*B16 -> 20 | D16: 10 | E16: 20 | F16: =D16*E16 -> 200 | H16: مصاريف | I16: كبايات وكلينكس | J16: -300 | L16: ='04-04'!$K16+('04-04'!$J16/90) -> -3.3333333 | N16: 5 | O16: 4 | P16: =N16*O16 -> 20 | Q16: 10 | R16: 12 | S16: =Q16*R16 -> 120
A17: 10 | B17: 55 | C17: =A17*B17 -> 550 | D17: 20 | E17: 3 | F17: =D17*E17 -> 60 | H17: بيع | J17: -315 | K17: 10 | L17: ='04-04'!$K17+('04-04'!$J17/90) -> 6.5 | N17: 10 | O17: 54 | P17: =N17*O17 -> 540 | Q17: 20 | R17: 1 | S17: =Q17*R17 -> 20
A18: 20 | B18: 20 | C18: =A18*B18 -> 400 | D18: 50 | F18: =D18*E18 -> 0 | H18: بيع | I18: مسكة سجب | J18: 320 | L18: ='04-04'!$K18+('04-04'!$J18/90) -> 3.5555556 | N18: 20 | O18: 39 | P18: =N18*O18 -> 780 | Q18: 50 | R18: 4 | S18: =Q18*R18 -> 200
A19: 50 | B19: 2 | C19: =A19*B19 -> 100 | D19: 100 | E19: 6 | F19: =D19*E19 -> 600 | H19: بيع | K19: 5 | L19: ='04-04'!$K19+('04-04'!$J19/90) -> 5 | N19: 50 | O19: 4 | P19: =N19*O19 -> 200 | Q19: 100 | R19: 10 | S19: =Q19*R19 -> 1000
A20: 100 | C20: =A20*B20 -> 0 | D20: المجموع | F20: =SUM(F15:F19) -> 990 | H20: بيع | K20: 2 | L20: ='04-04'!$K20+('04-04'!$J20/90) -> 2 | N20: 100 | O20: 6 | P20: =N20*O20 -> 600 | Q20: المجموع | S20: =SUM(S15:S19) -> 1475
A21: المجموع | C21: =SUM(C15:C20) -> 1073 | H21: بيع | I21: موتير حصام ليو | J21: 250 | K21: 60 | L21: ='04-04'!$K21+('04-04'!$J21/90) -> 62.777778 | N21: المجموع | P21: =SUM(P15:P20) -> 2140
D22: حركة الصندوق ل.ل | F22: {=INDIRECT("'"&$A$12&"'!J13")+J1} -> -1250 | H22: بيع | I22: مفتاح | J22: 150 | L22: ='04-04'!$K22+('04-04'!$J22/90) -> 1.6666667 | Q22: حركة الصندوق ل.ل | S22: =SUM('04-04'!$J$15:$J$143) -> 935
A23: حركة الصندوق $ | C23: {=INDIRECT("'"&$A$12&"'!K13")+K1} -> -72 | H23: بيع | I23: الديري | J23: -300 | K23: 60 | L23: ='04-04'!$K23+('04-04'!$J23/90) -> 56.666667 | N23: حركة الصندوق $ | P23: =SUM('04-04'!$K$15:$K$143) -> 1047
D24: الفرق | F24: {=F20-F22-INDIRECT("'"&$A$12&"'!f20")} -> 0 | H24: بيع | I24: احمد 3 | K24: 480 | L24: ='04-04'!$K24+('04-04'!$J24/90) -> 480 | Q24: الفرق | S24: =S20-S22-F20 -> -450
A25: الفرق | C25: {=C21-C23-INDIRECT("'"&$A$12&"'!c21")} -> 0 | H25: بيع | I25: تلزيق ورق | J25: 40 | L25: ='04-04'!$K25+('04-04'!$J25/90) -> 0.44444444 | N25: الفرق | P25: =P21-P23-C21 -> 20
H26: بيع | I26: مكنة لحام و تلحيم | K26: 45 | L26: ='04-04'!$K26+('04-04'!$J26/90) -> 45
H27: بيع | I27: شطافة | J27: 50 | K27: 5 | L27: ='04-04'!$K27+('04-04'!$J27/90) -> 5.5555556
H28: بيع | I28: ابو علي كبه | J28: 400 | K28: 390 | L28: ='04-04'!$K28+('04-04'!$J28/90) -> 394.44444
H29: بيع | I29: قفل | J29: 300 | L29: ='04-04'!$K29+('04-04'!$J29/90) -> 3.3333333
H30: بيع | I30: ابو خليل | K30: 90 | L30: ='04-04'!$K30+('04-04'!$J30/90) -> 90
H31: بيع | I31: جاهزة | J31: 550 | L31: ='04-04'!$K31+('04-04'!$J31/90) -> 6.1111111
H32: بيع | I32: حسين شري | J32: -90 | K32: 125 | L32: ='04-04'!$K32+('04-04'!$J32/90) -> 124
H33: بيع | I33: مجموعة دوش | K33: 5 | L33: ='04-04'!$K33+('04-04'!$J33/90) -> 5
H34: بيع | I34: موتير نص ليو | J34: -540 | K34: 40 | L34: ='04-04'!$K34+('04-04'!$J34/90) -> 34
H35: بيع | I35: مسكة خلاط | J35: 100 | L35: ='04-04'!$K35+('04-04'!$J35/90) -> 1.1111111
H36: سحب | I36: عدي | J36: -300 | L36: ='04-04'!$K36+('04-04'!$J36/90) -> -3.3333333
H37: بيع | I37: محمد قيسي | K37: 22 | L37: ='04-04'!$K37+('04-04'!$J37/90) -> 22
H38: سحب | I38: مع الحاج | K38: -22 | L38: ='04-04'!$K38+('04-04'!$J38/90) -> -22
H39: بيع | I39: حجر | J39: 150 | L39: ='04-04'!$K39+('04-04'!$J39/90) -> 1.6666667
H40: بيع | I40: تلحيم 40 | J40: 100 | K40: 10 | L40: ='04-04'!$K40+('04-04'!$J40/90) -> 11.111111
H41: مصاريف | I41: زيت | K41: -60 | L41: ='04-04'!$K41+('04-04'!$J41/90) -> -60
H42: بيع | I42: سكر دوبل | J42: 270 | L42: ='04-04'!$K42+('04-04'!$J42/90) -> 3
H43: بيع | I43: تلحيم | J43: -360 | K43: 10 | L43: ='04-04'!$K43+('04-04'!$J43/90) -> 6
H44: بيع | I44: قلب ومسكة | K44: 5 | L44: ='04-04'!$K44+('04-04'!$J44/90) -> 5
H45: بيع | J45: 900 | L45: ='04-04'!$K45+('04-04'!$J45/90) -> 10
H46: مصاريف | I46: محاسب الشركة | K46: -100 | L46: ='04-04'!$K46+('04-04'!$J46/90) -> -100
H47: سحب | I47: من الحاج | K47: 100 | L47: ='04-04'!$K47+('04-04'!$J47/90) -> 100
H48: بيع | I48: سايبس | J48: 270 | K48: 700 | L48: ='04-04'!$K48+('04-04'!$J48/90) -> 703
H49: بيع | J49: -360 | K49: 10 | L49: ='04-04'!$K49+('04-04'!$J49/90) -> 6
H50: بيع | J50: 100 | K50: 20 | L50: ='04-04'!$K50+('04-04'!$J50/90) -> 21.111111
H51: بيع | J51: -300 | K51: 10 | L51: ='04-04'!$K51+('04-04'!$J51/90) -> 6.6666667
H52: بيع | J52: -600 | K52: 20 | L52: ='04-04'!$K52+('04-04'!$J52/90) -> 13.333333
H53: بيع | I53: واصف سنو | K53: 45 | L53: ='04-04'!$K53+('04-04'!$J53/90) -> 45
H54: بيع | I54: نربيج ايطالي | J54: 500 | L54: ='04-04'!$K54+('04-04'!$J54/90) -> 5.5555556
H55: بيع | K55: 70 | L55: ='04-04'!$K55+('04-04'!$J55/90) -> 70
H56: بيع | K56: 30 | L56: ='04-04'!$K56+('04-04'!$J56/90) -> 30
H57: بيع | J57: 100 | K57: 20 | L57: ='04-04'!$K57+('04-04'!$J57/90) -> 21.111111
H58: بيع | K58: 30 | L58: ='04-04'!$K58+('04-04'!$J58/90) -> 30
H59: بيع | J59: 380 | L59: ='04-04'!$K59+('04-04'!$J59/90) -> 4.2222222
H60: بيع | J60: 160 | K60: 1 | L60: ='04-04'!$K60+('04-04'!$J60/90) -> 2.7777778
H61: بيع | J61: -350 | K61: 20 | L61: ='04-04'!$K61+('04-04'!$J61/90) -> 16.111111
H62: بيع | J62: -100 | K62: 89 | L62: ='04-04'!$K62+('04-04'!$J62/90) -> 87.888889
H63: بيع | J63: -225 | K63: 30 | L63: ='04-04'!$K63+('04-04'!$J63/90) -> 27.5
H64: بيع | J64: -300 | K64: 90 | L64: ='04-04'!$K64+('04-04'!$J64/90) -> 86.666667
H65: بيع | K65: 10 | L65: ='04-04'!$K65+('04-04'!$J65/90) -> 10
H66: سحب | K66: -200 | L66: ='04-04'!$K66+('04-04'!$J66/90) -> -200
H67: بيع | I67: رمل | J67: 615 | L67: ='04-04'!$K67+('04-04'!$J67/90) -> 6.8333333
H68: بيع | K68: 15 | L68: ='04-04'!$K68+('04-04'!$J68/90) -> 15
H69: بيع | J69: -270 | K69: 25 | L69: ='04-04'!$K69+('04-04'!$J69/90) -> 22
H70: بيع | I70: مطابقة | K70: 10 | L70: ='04-04'!$K70+('04-04'!$J70/90) -> 10 | N70: مطابق $ول.ل
H71: بيع | K71: 5 | L71: ='04-04'!$K71+('04-04'!$J71/90) -> 5
H72: بيع | I72: حسين السيد | J72: -700 | K72: 20 | L72: ='04-04'!$K72+('04-04'!$J72/90) -> 12.222222
H73: بيع | K73: 60 | L73: ='04-04'!$K73+('04-04'!$J73/90) -> 60
H74: بيع | J74: 200 | L74: ='04-04'!$K74+('04-04'!$J74/90) -> 2.2222222
H75: بيع | J75: 500 | L75: ='04-04'!$K75+('04-04'!$J75/90) -> 5.5555556
H76: بيع | J76: -600 | K76: 20 | L76: ='04-04'!$K76+('04-04'!$J76/90) -> 13.333333
H77: بيع | I77: ترابة | J77: -800 | K77: 10 | L77: ='04-04'!$K77+('04-04'!$J77/90) -> 1.1111111
H78: بيع | I78: حديد | J78: -270 | K78: 15 | L78: ='04-04'!$K78+('04-04'!$J78/90) -> 12
H79: بيع | K79: 40 | L79: ='04-04'!$K79+('04-04'!$J79/90) -> 40
H80: بيع | K80: 30 | L80: ='04-04'!$K80+('04-04'!$J80/90) -> 30
H81: سحب | I81: من الحاج | K81: 20 | L81: ='04-04'!$K81+('04-04'!$J81/90) -> 20
H82: مصاريف | I82: بنزين | K82: -20 | L82: ='04-04'!$K82+('04-04'!$J82/90) -> -20
H83: بيع | I83: بويا | K83: 55 | L83: ='04-04'!$K83+('04-04'!$J83/90) -> 55
H84: بيع | I84: نحاته | J84: 125 | L84: ='04-04'!$K84+('04-04'!$J84/90) -> 1.3888889
H85: بيع | I85: الفاتح | K85: 150 | L85: ='04-04'!$K85+('04-04'!$J85/90) -> 150
H86: سحب | I86: بيد الحاج | J86: -100 | L86: ='04-04'!$K86+('04-04'!$J86/90) -> -1.1111111
H87: سحب | I87: بيد الحاج | K87: -2400 | L87: ='04-04'!$K87+('04-04'!$J87/90) -> -2400
H88: سحب | I88: من الحاج | J88: 2000 | L88: ='04-04'!$K88+('04-04'!$J88/90) -> 22.222222
H89: بيع | I89: بلاستيك | J89: 145 | L89: ='04-04'!$K89+('04-04'!$J89/90) -> 1.6111111
H90: بيع | I90: ترابة | J90: 200 | L90: ='04-04'!$K90+('04-04'!$J90/90) -> 2.2222222
H91: بيع | I91: سكر وشطافة | K91: 10 | L91: ='04-04'!$K91+('04-04'!$J91/90) -> 10
H92: بيع | I92: خلاط | K92: 40 | L92: ='04-04'!$K92+('04-04'!$J92/90) -> 40
H93: بيع | I93: نحاته | J93: -700 | K93: 10 | L93: ='04-04'!$K93+('04-04'!$J93/90) -> 2.2222222
H94: بيع | J94: 300 | L94: ='04-04'!$K94+('04-04'!$J94/90) -> 3.3333333
H95: بيع | J95: -400 | K95: 10 | L95: ='04-04'!$K95+('04-04'!$J95/90) -> 5.5555556
H96: بيع | J96: -150 | K96: 10 | L96: ='04-04'!$K96+('04-04'!$J96/90) -> 8.3333333
H97: بيع | K97: 20 | L97: ='04-04'!$K97+('04-04'!$J97/90) -> 20
H98: بيع | K98: 10 | L98: ='04-04'!$K98+('04-04'!$J98/90) -> 10
H99: بيع | K99: 130 | L99: ='04-04'!$K99+('04-04'!$J99/90) -> 130
H100: بيع | J100: -450 | K100: 80 | L100: ='04-04'!$K100+('04-04'!$J100/90) -> 75
...

Sheet 05-04
I1: حركة الصندوق | J1: =SUM(J3:J11) -> 0 | K1: =SUM(K3:K11) -> 0 | L1: =SUM(L3:L11) -> 0
H2: العملية | I2: البيان | J2: اللبناني | K2: الدولار | L2: مبيع $
H3: بيع | L3: =K3+(J3/90) -> 0
H4: بيع | L4: =K4+(J4/90) -> 0
H5: بيع | L5: =K5+(J5/90) -> 0
H6: بيع | L6: =K6+(J6/90) -> 0
H7: بيع | L7: =K7+(J7/90) -> 0
H8: بيع | L8: =K8+(J8/90) -> 0
H9: بيع | L9: =K9+(J9/90) -> 0
H10: بيع | L10: =K10+(J10/90) -> 0
L11: =K11+(J11/90) -> 0
A12: 04-04
A13: جرد اول النهار | I13: حركة الصندوق | J13: =SUM('05-04'!$J$15:$J$30) -> 0 | K13: =SUM('05-04'!$K$15:$K$30) -> 0 | L13: =SUM('05-04'!$L$15:$L$30) -> 0 | N13: جرد اخر النهار
A14: الفئة دولار | B14: العدد | C14: المجموع | D14: الفئة لبناني | E14: العدد | F14: المجموع | H14: العملية | I14: البيان | J14: اللبناني | K14: الدولار | L14: مبيع $ | N14: الفئة دولار | O14: العدد | P14: المجموع | Q14: الفئة لبناني | R14: العدد | S14: المجموع
A15: 1 | C15: =A15*B15 -> 0 | D15: 5 | F15: =D15*E15 -> 0 | H15: بيع | I15: مع الحاج | K15: 2000 | L15: ='05-04'!$K15+('05-04'!$J15/90) -> 2000 | N15: 1 | P15: =N15*O15 -> 0 | Q15: 5 | S15: =Q15*R15 -> 0
A16: 5 | C16: =A16*B16 -> 0 | D16: 10 | F16: =D16*E16 -> 0 | H16: سحب | I16: مع الحاج | K16: -2000 | L16: ='05-04'!$K16+('05-04'!$J16/90) -> -2000 | N16: 5 | P16: =N16*O16 -> 0 | Q16: 10 | S16: =Q16*R16 -> 0
A17: 10 | C17: =A17*B17 -> 0 | D17: 20 | F17: =D17*E17 -> 0 | H17: بيع | L17: ='05-04'!$K17+('05-04'!$J17/90) -> 0 | N17: 10 | P17: =N17*O17 -> 0 | Q17: 20 | S17: =Q17*R17 -> 0
A18: 20 | C18: =A18*B18 -> 0 | D18: 50 | F18: =D18*E18 -> 0 | H18: بيع | L18: ='05-04'!$K18+('05-04'!$J18/90) -> 0 | N18: 20 | P18: =N18*O18 -> 0 | Q18: 50 | S18: =Q18*R18 -> 0
A19: 50 | C19: =A19*B19 -> 0 | D19: 100 | F19: =D19*E19 -> 0 | H19: بيع | L19: ='05-04'!$K19+('05-04'!$J19/90) -> 0 | N19: 50 | P19: =N19*O19 -> 0 | Q19: 100 | S19: =Q19*R19 -> 0
A20: 100 | C20: =A20*B20 -> 0 | D20: المجموع | F20: =SUM(F15:F19) -> 0 | H20: بيع | L20: ='05-04'!$K20+('05-04'!$J20/90) -> 0 | N20: 100 | P20: =N20*O20 -> 0 | Q20: المجموع | S20: =SUM(S15:S19) -> 0
A21: المجموع | C21: =SUM(C15:C20) -> 0 | H21: بيع | L21: ='05-04'!$K21+('05-04'!$J21/90) -> 0 | N21: المجموع | P21: =SUM(P15:P20) -> 0
D22: حركة الصندوق ل.ل | F22: {=INDIRECT("'"&$A$12&"'!J13")+J1} -> 935 | H22: بيع | L22: ='05-04'!$K22+('05-04'!$J22/90) -> 0 | Q22: حركة الصندوق ل.ل | S22: =SUM('05-04'!$J$15:$J$30) -> 0
A23: حركة الصندوق $ | C23: {=INDIRECT("'"&$A$12&"'!K13")+K1} -> 1047 | H23: بيع | L23: ='05-04'!$K23+('05-04'!$J23/90) -> 0 | N23: حركة الصندوق $ | P23: =SUM('05-04'!$K$15:$K$30) -> 0
D24: الفرق | F24: {=F20-F22-INDIRECT("'"&$A$12&"'!f20")} -> -1925 | H24: بيع | L24: ='05-04'!$K24+('05-04'!$J24/90) -> 0 | Q24: الفرق | S24: =S20-S22-F20 -> 0
A25: الفرق | C25: {=C21-C23-INDIRECT("'"&$A$12&"'!c21")} -> -2120 | H25: بيع | L25: ='05-04'!$K25+('05-04'!$J25/90) -> 0 | N25: الفرق | P25: =P21-P23-C21 -> 0
H26: بيع | L26: ='05-04'!$K26+('05-04'!$J26/90) -> 0
H27: بيع | L27: ='05-04'!$K27+('05-04'!$J27/90) -> 0
H28: بيع | L28: ='05-04'!$K28+('05-04'!$J28/90) -> 0
H29: بيع | L29: ='05-04'!$K29+('05-04'!$J29/90) -> 0
H30: بيع | L30: ='05-04'!$K30+('05-04'!$J30/90) -> 0

Sheet 06-04
I1: حركة الصندوق | J1: =SUM(J3:J15) -> 1245 | K1: =SUM(K3:K15) -> 141 | L1: =SUM(L3:L15) -> 154.83333
H2: العملية | I2: البيان | J2: اللبناني | K2: الدولار | L2: مبيع $
H3: بيع | J3: 145 | L3: =K3+(J3/90) -> 1.6111111
H4: بيع | K4: 10 | L4: =K4+(J4/90) -> 10
H5: بيع | J5: 180 | L5: =K5+(J5/90) -> 2
H6: بيع | J6: 100 | L6: =K6+(J6/90) -> 1.1111111
H7: بيع | K7: 5 | L7: =K7+(J7/90) -> 5
H8: بيع | J8: 250 | L8: =K8+(J8/90) -> 2.7777778
H9: بيع | J9: 400 | L9: =K9+(J9/90) -> 4.4444444
H10: بيع | J10: 450 | K10: 20 | L10: =K10+(J10/90) -> 25
H11: بيع | K11: 22 | L11: =K11+(J11/90) -> 22
H12: بيع | K12: 84 | L12: =K12+(J12/90) -> 84
H13: بيع | J13: 80 | L13: =K13+(J13/90) -> 0.88888889
H14: بيع | I14: مطابقة | J14: -360 | L14: =K14+(J14/90) -> -4
H15: بيع | L15: =K15+(J15/90) -> 0
A16: 04-04
A17: جرد اول النهار | I17: حركة الصندوق | J17: =SUM('06-04'!$J$19:$J$129) -> 10765 | K17: =SUM('06-04'!$K$19:$K$129) -> 1413 | L17: =SUM('06-04'!$L$19:$L$129) -> 1532.6111 | N17: جرد اخر النهار
A18: الفئة دولار | B18: العدد | C18: المجموع | D18: الفئة لبناني | E18: العدد | F18: المجموع | H18: العملية | I18: البيان | J18: اللبناني | K18: الدولار | L18: مبيع $ | N18: الفئة دولار | O18: العدد | P18: المجموع | Q18: الفئة لبناني | R18: العدد | S18: المجموع
A19: 1 | B19: 1 | C19: =A19*B19 -> 1 | D19: 5 | E19: 28 | F19: =D19*E19 -> 140 | H19: بيع | I19: مسكة شطافة | J19: -150 | K19: 5 | L19: ='06-04'!$K19+('06-04'!$J19/90) -> 3.3333333 | N19: 1 | O19: 9 | P19: =N19*O19 -> 9 | Q19: 5 | S19: =Q19*R19 -> 0
A20: 5 | B20: 2 | C20: =A20*B20 -> 10 | D20: 10 | E20: 13 | F20: =D20*E20 -> 130 | H20: بيع | I20: مع ابراهيم 3m بيروت | J20: -180 | K20: -25 | L20: ='06-04'!$K20+('06-04'!$J20/90) -> -27 | N20: 5 | O20: 1 | P20: =N20*O20 -> 5 | Q20: 10 | S20: =Q20*R20 -> 0
A21: 10 | B21: 53 | C21: =A21*B21 -> 530 | D21: 20 | E21: 0 | F21: =D21*E21 -> 0 | H21: سحب | I21: - | K21: -40 | L21: ='06-04'!$K21+('06-04'!$J21/90) -> -40 | N21: 10 | O21: 28 | P21: =N21*O21 -> 280 | Q21: 20 | S21: =Q21*R21 -> 0
A22: 20 | B22: 41 | C22: =A22*B22 -> 820 | D22: 50 | E22: 4 | F22: =D22*E22 -> 200 | H22: بيع | I22: - | K22: 31 | L22: ='06-04'!$K22+('06-04'!$J22/90) -> 31 | N22: 20 | O22: 30 | P22: =N22*O22 -> 600 | Q22: 50 | R22: 1 | S22: =Q22*R22 -> 50
A23: 50 | B23: 4 | C23: =A23*B23 -> 200 | D23: 100 | E23: 27 | F23: =D23*E23 -> 2700 | H23: مصاريف | I23: بنزين عبد | J23: -300 | L23: ='06-04'!$K23+('06-04'!$J23/90) -> -3.3333333 | N23: 50 | O23: 1 | P23: =N23*O23 -> 50 | Q23: 100 | R23: 1 | S23: =Q23*R23 -> 100
A24: 100 | B24: 7 | C24: =A24*B24 -> 700 | D24: المجموع | F24: =SUM(F19:F23) -> 3170 | H24: بيع | I24: احمد عباس | K24: 120 | L24: ='06-04'!$K24+('06-04'!$J24/90) -> 120 | N24: 100 | O24: 1 | P24: =N24*O24 -> 100 | Q24: المجموع | S24: =SUM(S19:S23) -> 150
A25: المجموع | C25: =SUM(C19:C24) -> 2261 | H25: بيع | I25: نربيج غسالة | J25: 300 | L25: ='06-04'!$K25+('06-04'!$J25/90) -> 3.3333333 | N25: المجموع | P25: =SUM(P19:P24) -> 1044
B26: 0 | D26: حركة الصندوق ل.ل | F26: {=INDIRECT("'"&$A$16&"'!J13")+J1} -> 2180 | H26: بيع | I26: 3m بيروت | K26: 50 | L26: ='06-04'!$K26+('06-04'!$J26/90) -> 50 | Q26: حركة الصندوق ل.ل | S26: =SUM('06-04'!$J$19:$J$129) -> 10765
A27: حركة الصندوق $ | C27: {=INDIRECT("'"&$A$16&"'!K13")+K1} -> 1188 | H27: بيع | I27: بنزين ابراهيم | J27: -300 | L27: ='06-04'!$K27+('06-04'!$J27/90) -> -3.3333333 | N27: حركة الصندوق $ | P27: =SUM('06-04'!$K$19:$K$129) -> 1413
D28: الفرق | F28: {=F24-F26-INDIRECT("'"&$A$16&"'!f20")} -> 0 | H28: بيع | I28: - | J28: -100 | K28: 5 | L28: ='06-04'!$K28+('06-04'!$J28/90) -> 3.8888889 | Q28: الفرق | S28: =S24-S26-F24 -> -13785
A29: الفرق | C29: {=C25-C27-INDIRECT("'"&$A$16&"'!c21")} -> 0 | H29: بيع | I29: موتير | K29: 48 | L29: ='06-04'!$K29+('06-04'!$J29/90) -> 48 | N29: الفرق | P29: =P25-P27-C25 -> -2630
H30: بيع | I30: مسكة شطافة | J30: 100 | L30: ='06-04'!$K30+('06-04'!$J30/90) -> 1.1111111
H31: بيع | I31: مفصلات | J31: 100 | L31: ='06-04'!$K31+('06-04'!$J31/90) -> 1.1111111
H32: بيع | I32: قلب طويل | J32: 270 | L32: ='06-04'!$K32+('06-04'!$J32/90) -> 3
H33: بيع | I33: ايزي وجوان | J33: 340 | L33: ='06-04'!$K33+('06-04'!$J33/90) -> 3.7777778
H34: بيع | I34: اصبع سيليكون | J34: 360 | L34: ='06-04'!$K34+('06-04'!$J34/90) -> 4
H35: بيع | I35: للحاج | K35: 192 | L35: ='06-04'!$K35+('06-04'!$J35/90) -> 192
H36: سحب | I36: للحاج | K36: -192 | L36: ='06-04'!$K36+('06-04'!$J36/90) -> -192
H37: بيع | I37: محمود مملوك | J37: -100 | K37: 65 | L37: ='06-04'!$K37+('06-04'!$J37/90) -> 63.888889
H38: بيع | I38: ابو طارق | K38: 30 | L38: ='06-04'!$K38+('06-04'!$J38/90) -> 30
H39: بيع | I39: حديد وتلحيم | J39: -270 | K39: -20 | L39: ='06-04'!$K39+('06-04'!$J39/90) -> -23
H40: بيع | I40: كاتو | J40: 200 | L40: ='06-04'!$K40+('06-04'!$J40/90) -> 2.2222222
H41: بيع | I41: جمال ابو حشمة | K41: 45 | L41: ='06-04'!$K41+('06-04'!$J41/90) -> 45
H42: بيع | I42: كاتو | J42: 180 | L42: ='06-04'!$K42+('06-04'!$J42/90) -> 2
H43: بيع | I43: فرق برميل | J43: 100 | K43: 10 | L43: ='06-04'!$K43+('06-04'!$J43/90) -> 11.111111
H44: بيع | I44: ورق حف | J44: 30 | L44: ='06-04'!$K44+('06-04'!$J44/90) -> 0.33333333
H45: بيع | I45: نربيج فيتاس | J45: -270 | K45: 10 | L45: ='06-04'!$K45+('06-04'!$J45/90) -> 7
H46: بيع | I46: - | J46: -200 | K46: 20 | L46: ='06-04'!$K46+('06-04'!$J46/90) -> 17.777778
H47: بيع | I47: ايبو | J47: 400 | L47: ='06-04'!$K47+('06-04'!$J47/90) -> 4.4444444
H48: بيع | I48: مسكة شطافة | K48: 1 | L48: ='06-04'!$K48+('06-04'!$J48/90) -> 1
H49: بيع | I49: طابة واسعة | K49: 5 | L49: ='06-04'!$K49+('06-04'!$J49/90) -> 5
H50: بيع | I50: رزيستنس | K50: 10 | L50: ='06-04'!$K50+('06-04'!$J50/90) -> 10
H51: بيع | I51: بلاستيك 1 1/2 | J51: 210 | K51: 10 | L51: ='06-04'!$K51+('06-04'!$J51/90) -> 12.333333
H52: بيع | I52: اصبع شمع | J52: 30 | L52: ='06-04'!$K52+('06-04'!$J52/90) -> 0.33333333
H53: بيع | I53: مسكة شطافة | J53: 100 | L53: ='06-04'!$K53+('06-04'!$J53/90) -> 1.1111111
H54: بيع | I54: شفرة | J54: 100 | L54: ='06-04'!$K54+('06-04'!$J54/90) -> 1.1111111
H55: بيع | I55: - | J55: 220 | L55: ='06-04'!$K55+('06-04'!$J55/90) -> 2.4444444
H56: بيع | I56: قسطل | J56: 100 | L56: ='06-04'!$K56+('06-04'!$J56/90) -> 1.1111111
H57: سحب | I57: للحاج | K57: -20 | L57: ='06-04'!$K57+('06-04'!$J57/90) -> -20
H58: بيع | I58: قلب ومسكة | K58: 2 | L58: ='06-04'!$K58+('06-04'!$J58/90) -> 2
H59: بيع | I59: خلاط مغسلة وسكرين | K59: 35 | L59: ='06-04'!$K59+('06-04'!$J59/90) -> 35
H60: بيع | I60: برجس | K60: 35 | L60: ='06-04'!$K60+('06-04'!$J60/90) -> 35
H61: بيع | I61: مطابقة | J61: 100 | K61: 32 | L61: ='06-04'!$K61+('06-04'!$J61/90) -> 33.111111 | N61: مطابق$ول.ل | P61: 2725 | S61: 4540
H62: بيع | I62: - | J62: 100 | L62: ='06-04'!$K62+('06-04'!$J62/90) -> 1.1111111
H63: بيع | I63: الديري خلاط مجلى | K63: 18 | L63: ='06-04'!$K63+('06-04'!$J63/90) -> 18
H64: بيع | I64: هادي عمار | K64: 40 | L64: ='06-04'!$K64+('06-04'!$J64/90) -> 40
H65: بيع | I65: يوسف | J65: 180 | K65: 100 | L65: ='06-04'!$K65+('06-04'!$J65/90) -> 102
H66: بيع | I66: يوسف | J66: -720 | K66: 10 | L66: ='06-04'!$K66+('06-04'!$J66/90) -> 2
H67: بيع | I67: محمد الاحمد | J67: 175 | K67: 10 | L67: ='06-04'!$K67+('06-04'!$J67/90) -> 11.944444
H68: بيع | J68: -800 | K68: 10 | L68: ='06-04'!$K68+('06-04'!$J68/90) -> 1.1111111
H69: بيع | I69: فاتورة | J69: 295 | K69: 70 | L69: ='06-04'!$K69+('06-04'!$J69/90) -> 73.277778
H70: بيع | I70: يحي - خلاط | J70: -315 | K70: 30 | L70: ='06-04'!$K70+('06-04'!$J70/90) -> 26.5
H71: بيع | J71: 350 | L71: ='06-04'!$K71+('06-04'!$J71/90) -> 3.8888889
H72: بيع | J72: 330 | L72: ='06-04'!$K72+('06-04'!$J72/90) -> 3.6666667
H73: بيع | J73: 285 | K73: 50 | L73: ='06-04'!$K73+('06-04'!$J73/90) -> 53.166667
H74: بيع | K74: 15 | L74: ='06-04'!$K74+('06-04'!$J74/90) -> 15
H75: بيع | K75: 100 | L75: ='06-04'!$K75+('06-04'!$J75/90) -> 100
H76: بيع | J76: -270 | K76: 100 | L76: ='06-04'!$K76+('06-04'!$J76/90) -> 97
H77: بيع | K77: 35 | L77: ='06-04'!$K77+('06-04'!$J77/90) -> 35
H78: بيع | J78: 300 | L78: ='06-04'!$K78+('06-04'!$J78/90) -> 3.3333333
H79: بيع | J79: 20 | L79: ='06-04'!$K79+('06-04'!$J79/90) -> 0.22222222
H80: بيع | K80: 15 | L80: ='06-04'!$K80+('06-04'!$J80/90) -> 15
H81: بيع | J81: 1930 | L81: ='06-04'!$K81+('06-04'!$J81/90) -> 21.444444
H82: بيع | K82: 5 | L82: ='06-04'!$K82+('06-04'!$J82/90) -> 5
H83: بيع | J83: 200 | L83: ='06-04'!$K83+('06-04'!$J83/90) -> 2.2222222
H84: بيع | J84: 160 | L84: ='06-04'!$K84+('06-04'!$J84/90) -> 1.7777778
H85: بيع | J85: 2300 | L85: ='06-04'!$K85+('06-04'!$J85/90) -> 25.555556
H86: بيع | J86: 200 | L86: ='06-04'!$K86+('06-04'!$J86/90) -> 2.2222222
H87: بيع | J87: -225 | K87: 10 | L87: ='06-04'!$K87+('06-04'!$J87/90) -> 7.5
H88: بيع | J88: 70 | L88: ='06-04'!$K88+('06-04'!$J88/90) -> 0.77777778
H89: بيع | J89: 50 | L89: ='06-04'!$K89+('06-04'!$J89/90) -> 0.55555556
H90: بيع | J90: 30 | K90: 2 | L90: ='06-04'!$K90+('06-04'!$J90/90) -> 2.3333333
H91: بيع | K91: 10 | L91: ='06-04'!$K91+('06-04'!$J91/90) -> 10
H92: بيع | J92: 1400 | K92: 5 | L92: ='06-04'!$K92+('06-04'!$J92/90) -> 20.555556
H93: بيع | K93: 307 | L93: ='06-04'!$K93+('06-04'!$J93/90) -> 307
H94: بيع | K94: -307 | L94: ='06-04'!$K94+('06-04'!$J94/90) -> -307
H95: بيع | K95: 15 | L95: ='06-04'!$K95+('06-04'!$J95/90) -> 15
H96: بيع | J96: 60 | L96: ='06-04'!$K96+('06-04'!$J96/90) -> 0.66666667
H97: بيع | K97: 5 | L97: ='06-04'!$K97+('06-04'!$J97/90) -> 5
H98: بيع | K98: 40 | L98: ='06-04'!$K98+('06-04'!$J98/90) -> 40
H99: بيع | J99: 150 | L99: ='06-04'!$K99+('06-04'!$J99/90) -> 1.6666667
H100: مصاريف | J100: -50 | L100: ='06-04'!$K100+('06-04'!$J100/90) -> -0.55555556
...

Sheet 07-04
I1: حركة الصندوق | J1: =SUM(J3:J18) -> -7720 | K1: =SUM(K3:K18) -> -2625 | L1: =SUM(L3:L18) -> -2710.7778
H2: العملية | I2: البيان | J2: اللبناني | K2: الدولار | L2: مبيع $
H3: سحب | J3: -10000 | K3: -2700 | L3: =K3+(J3/90) -> -2811.1111
H4: بيع | K4: 1 | L4: =K4+(J4/90) -> 1
H5: بيع | J5: 220 | L5: =K5+(J5/90) -> 2.4444444
H6: بيع | J6: 600 | L6: =K6+(J6/90) -> 6.6666667
H7: بيع | J7: 70 | L7: =K7+(J7/90) -> 0.77777778
H8: بيع | K8: 30 | L8: =K8+(J8/90) -> 30
H9: بيع | K9: 4 | L9: =K9+(J9/90) -> 4
H10: بيع | K10: 10 | L10: =K10+(J10/90) -> 10
H11: بيع | J11: -350 | L11: =K11+(J11/90) -> -3.8888889
H12: بيع | J12: 50 | L12: =K12+(J12/90) -> 0.55555556
H13: بيع | K13: 30 | L13: =K13+(J13/90) -> 30
H14: بيع | J14: -350 | L14: =K14+(J14/90) -> -3.8888889
H15: بيع | J15: 300 | L15: =K15+(J15/90) -> 3.3333333
H16: بيع | J16: 600 | L16: =K16+(J16/90) -> 6.6666667
H17: بيع | I17: مطابقة | J17: 1140 | L17: =K17+(J17/90) -> 12.666667
A18: رصيد قديم من تاريخ | H18: بيع | L18: =K18+(J18/90) -> 0
A19: 06-04
A20: جرد اول النهار | I20: حركة الصندوق | J20: =SUM('07-04'!$J$22:$J$126) -> 1375 | K20: =SUM('07-04'!$K$22:$K$126) -> 5820 | L20: =SUM('07-04'!$L$22:$L$126) -> 5835.2778 | N20: جرد اخر النهار
A21: الفئة دولار | B21: العدد | C21: المجموع | D21: الفئة لبناني | E21: العدد | F21: المجموع | H21: العملية | I21: البيان | J21: اللبناني | K21: الدولار | L21: مبيع $ | N21: الفئة دولار | O21: العدد | P21: المجموع | Q21: الفئة لبناني | R21: العدد | S21: المجموع
A22: 1 | B22: 9 | C22: =A22*B22 -> 9 | D22: 5 | E22: 31 | F22: =D22*E22 -> 155 | H22: بيع | J22: 300 | L22: ='07-04'!$K22+('07-04'!$J22/90) -> 3.3333333 | N22: 1 | O22: 15 | P22: =N22*O22 -> 15 | Q22: 5 | R22: 36 | S22: =Q22*R22 -> 180
A23: 5 | B23: 6 | C23: =A23*B23 -> 30 | D23: 10 | E23: 18 | F23: =D23*E23 -> 180 | H23: بيع | I23: ترابة سريعة | J23: -850 | K23: 20 | L23: ='07-04'!$K23+('07-04'!$J23/90) -> 10.555556 | N23: 5 | O23: 0 | P23: =N23*O23 -> 0 | Q23: 10 | R23: 22 | S23: =Q23*R23 -> 220
A24: 10 | B24: 38 | C24: =A24*B24 -> 380 | D24: 20 | E24: 24 | F24: =D24*E24 -> 480 | H24: بيع | I24: اتوماتيك | K24: 35 | L24: ='07-04'!$K24+('07-04'!$J24/90) -> 35 | N24: 10 | O24: 24 | P24: =N24*O24 -> 240 | Q24: 20 | R24: 22 | S24: =Q24*R24 -> 440
A25: 20 | B25: 29 | C25: =A25*B25 -> 580 | D25: 50 | E25: 10 | F25: =D25*E25 -> 500 | H25: بيع | I25: ايزي وصباب ايطالي | J25: 360 | L25: ='07-04'!$K25+('07-04'!$J25/90) -> 4 | N25: 20 | O25: 27 | P25: =N25*O25 -> 540 | Q25: 50 | R25: 11 | S25: =Q25*R25 -> 550
A26: 50 | B26: 1 | C26: =A26*B26 -> 50 | D26: 100 | E26: 49 | F26: =D26*E26 -> 4900 | H26: بيع | I26: سليم بواب | K26: 825 | L26: ='07-04'!$K26+('07-04'!$J26/90) -> 825 | N26: 50 | O26: 9 | P26: =N26*O26 -> 450 | Q26: 100 | R26: 62 | S26: =Q26*R26 -> 6200
A27: 100 | C27: =A27*B27 -> 0 | D27: المجموع | F27: =SUM(F22:F26) -> 6215 | H27: سحب | I27: للحاج | K27: -825 | L27: ='07-04'!$K27+('07-04'!$J27/90) -> -825 | N27: 100 | O27: 56 | P27: =N27*O27 -> 5600 | Q27: المجموع | S27: =SUM(S22:S26) -> 7590
A28: المجموع | C28: =SUM(C22:C27) -> 1049 | H28: بيع | I28: رياض | K28: 75 | L28: ='07-04'!$K28+('07-04'!$J28/90) -> 75 | N28: المجموع | P28: =SUM(P22:P27) -> 6845
B29: 0 | D29: حركة الصندوق ل.ل | F29: {=INDIRECT("'"&$A$19&"'!J17")+J1} -> 3045 | H29: بيع | I29: فاتورة | K29: 119 | L29: ='07-04'!$K29+('07-04'!$J29/90) -> 119 | Q29: حركة الصندوق ل.ل | S29: =SUM('07-04'!$J$22:$J$126) -> 1375
A30: حركة الصندوق $ | C30: {=INDIRECT("'"&$A$19&"'!K17")+K1} -> -1212 | H30: بيع | I30: ترابة سوداء | J30: 100 | L30: ='07-04'!$K30+('07-04'!$J30/90) -> 1.1111111 | N30: حركة الصندوق $ | P30: =SUM('07-04'!$K$22:$K$126) -> 5820
D31: الفرق | F31: {=F27-F29-INDIRECT("'"&$A$19&"'!f24")} -> 0 | H31: بيع | I31: مخالفة دوش | K31: 1 | L31: ='07-04'!$K31+('07-04'!$J31/90) -> 1 | Q31: الفرق | S31: =S27-S29-F27 -> 0
A32: الفرق | C32: {=C28-C30-INDIRECT("'"&$A$19&"'!c25")} -> 0 | H32: بيع | I32: ايزي وصباب | K32: 4 | L32: ='07-04'!$K32+('07-04'!$J32/90) -> 4 | N32: الفرق | P32: =P28-P30-C28 -> -24
H33: بيع | I33: وصل | K33: 1 | L33: ='07-04'!$K33+('07-04'!$J33/90) -> 1
H34: بيع | I34: وصل | J34: 100 | L34: ='07-04'!$K34+('07-04'!$J34/90) -> 1.1111111
H35: بيع | I35: رزيستنس | J35: 50 | K35: 11 | L35: ='07-04'!$K35+('07-04'!$J35/90) -> 11.555556
H36: بيع | I36: ترابة بيضاء | J36: 35 | L36: ='07-04'!$K36+('07-04'!$J36/90) -> 0.38888889
H37: بيع | I37: طابة جنب | K37: 21 | L37: ='07-04'!$K37+('07-04'!$J37/90) -> 21
H38: بيع | I38: تلزيق المنيوم | J38: 200 | L38: ='07-04'!$K38+('07-04'!$J38/90) -> 2.2222222
H39: بيع | I39: زريق | K39: 100 | L39: ='07-04'!$K39+('07-04'!$J39/90) -> 100
H40: بيع | I40: مشحاف | J40: 70 | L40: ='07-04'!$K40+('07-04'!$J40/90) -> 0.77777778
H41: بيع | I41: طبوش | K41: 111 | L41: ='07-04'!$K41+('07-04'!$J41/90) -> 111
H42: بيع | I42: الاحمد | K42: -15 | L42: ='07-04'!$K42+('07-04'!$J42/90) -> -15
H43: بيع | I43: حنفي غسالة ايطالي | J43: 300 | L43: ='07-04'!$K43+('07-04'!$J43/90) -> 3.3333333
H44: بيع | I44: - | J44: 360 | L44: ='07-04'!$K44+('07-04'!$J44/90) -> 4
H45: بيع | I45: محمد الاحمد | J45: 600 | L45: ='07-04'!$K45+('07-04'!$J45/90) -> 6.6666667
H46: بيع | I46: يوسف القزاز | K46: 50 | L46: ='07-04'!$K46+('07-04'!$J46/90) -> 50
H47: بيع | I47: ابو عمر قصاب | K47: 84 | L47: ='07-04'!$K47+('07-04'!$J47/90) -> 84
H48: بيع | I48: شطافة | J48: -650 | K48: 10 | L48: ='07-04'!$K48+('07-04'!$J48/90) -> 2.7777778
H49: بيع | I49: سيخ مجرور | K49: 10 | L49: ='07-04'!$K49+('07-04'!$J49/90) -> 10
H50: سحب | I50: مشتريات كرتونال | K50: -60 | L50: ='07-04'!$K50+('07-04'!$J50/90) -> -60
H51: بيع | I51: غطاء وصباب | K51: 12 | L51: ='07-04'!$K51+('07-04'!$J51/90) -> 12
H52: بيع | I52: عدة سحب | K52: -20 | L52: ='07-04'!$K52+('07-04'!$J52/90) -> -20
H53: بيع | I53: براغي | J53: 100 | L53: ='07-04'!$K53+('07-04'!$J53/90) -> 1.1111111
H54: بيع | I54: خلاط مجلى | K54: 35 | L54: ='07-04'!$K54+('07-04'!$J54/90) -> 35
H55: بيع | I55: قفل | J55: -750 | K55: 10 | L55: ='07-04'!$K55+('07-04'!$J55/90) -> 1.6666667
H56: بيع | I56: نص ليو | J56: 350 | K56: 30 | L56: ='07-04'!$K56+('07-04'!$J56/90) -> 33.888889
H57: بيع | I57: موتير غسالة وطابة | K57: 24 | L57: ='07-04'!$K57+('07-04'!$J57/90) -> 24
H58: بيع | I58: ترابة | J58: 100 | L58: ='07-04'!$K58+('07-04'!$J58/90) -> 1.1111111
H59: بيع | I59: جنب | K59: 20 | L59: ='07-04'!$K59+('07-04'!$J59/90) -> 20
H60: بيع | J60: 165 | L60: ='07-04'!$K60+('07-04'!$J60/90) -> 1.8333333
H61: بيع | K61: 10 | L61: ='07-04'!$K61+('07-04'!$J61/90) -> 10
H62: بيع | J62: -225 | L62: ='07-04'!$K62+('07-04'!$J62/90) -> -2.5
H63: بيع | K63: 21 | L63: ='07-04'!$K63+('07-04'!$J63/90) -> 21
H64: بيع | J64: 300 | L64: ='07-04'!$K64+('07-04'!$J64/90) -> 3.3333333
H65: بيع | J65: -470 | K65: 10 | L65: ='07-04'!$K65+('07-04'!$J65/90) -> 4.7777778
H66: بيع | K66: 5 | L66: ='07-04'!$K66+('07-04'!$J66/90) -> 5
H67: بيع | J67: -100 | L67: ='07-04'!$K67+('07-04'!$J67/90) -> -1.1111111
H68: مصاريف | J68: -2000 | L68: ='07-04'!$K68+('07-04'!$J68/90) -> -22.222222
H69: بيع | K69: 15 | L69: ='07-04'!$K69+('07-04'!$J69/90) -> 15
H70: بيع | J70: -50 | L70: ='07-04'!$K70+('07-04'!$J70/90) -> -0.55555556
H71: بيع | J71: 500 | L71: ='07-04'!$K71+('07-04'!$J71/90) -> 5.5555556
H72: بيع | K72: 30 | L72: ='07-04'!$K72+('07-04'!$J72/90) -> 30
H73: بيع | J73: -400 | L73: ='07-04'!$K73+('07-04'!$J73/90) -> -4.4444444
H74: بيع | J74: 100 | L74: ='07-04'!$K74+('07-04'!$J74/90) -> 1.1111111
H75: بيع | J75: 80 | L75: ='07-04'!$K75+('07-04'!$J75/90) -> 0.88888889
H76: بيع | I76: قازان تيرمو | K76: 65 | L76: ='07-04'!$K76+('07-04'!$J76/90) -> 65
H77: بيع | I77: حسن سليمان | J77: 450 | K77: 50 | L77: ='07-04'!$K77+('07-04'!$J77/90) -> 55
H78: بيع | I78: معمار | K78: 4000 | L78: ='07-04'!$K78+('07-04'!$J78/90) -> 4000
H79: بيع | I79: احمد الديري | K79: 7 | L79: ='07-04'!$K79+('07-04'!$J79/90) -> 7
H80: بيع | I80: مرتجع | K80: -9 | L80: ='07-04'!$K80+('07-04'!$J80/90) -> -9
H81: بيع | I81: مطابقة | J81: 100 | L81: ='07-04'!$K81+('07-04'!$J81/90) -> 1.1111111 | N81: مطابق | P81: 5941 | S81: 5440
H82: بيع | K82: 11 | L82: ='07-04'!$K82+('07-04'!$J82/90) -> 11
H83: بيع | J83: 200 | L83: ='07-04'!$K83+('07-04'!$J83/90) -> 2.2222222
H84: بيع | J84: 315 | L84: ='07-04'!$K84+('07-04'!$J84/90) -> 3.5
H85: بيع | J85: 35 | L85: ='07-04'!$K85+('07-04'!$J85/90) -> 0.38888889
H86: بيع | J86: 600 | L86: ='07-04'!$K86+('07-04'!$J86/90) -> 6.6666667
H87: بيع | K87: 15 | L87: ='07-04'!$K87+('07-04'!$J87/90) -> 15
H88: بيع | K88: 40 | L88: ='07-04'!$K88+('07-04'!$J88/90) -> 40
H89: بيع | J89: 220 | L89: ='07-04'!$K89+('07-04'!$J89/90) -> 2.4444444
H90: بيع | J90: 225 | L90: ='07-04'!$K90+('07-04'!$J90/90) -> 2.5
H91: بيع | K91: 95 | L91: ='07-04'!$K91+('07-04'!$J91/90) -> 95
H92: بيع | K92: 136 | L92: ='07-04'!$K92+('07-04'!$J92/90) -> 136
H93: بيع | J93: 10 | K93: 1 | L93: ='07-04'!$K93+('07-04'!$J93/90) -> 1.1111111
H94: بيع | J94: 150 | L94: ='07-04'!$K94+('07-04'!$J94/90) -> 1.6666667
H95: بيع | J95: 180 | L95: ='07-04'!$K95+('07-04'!$J95/90) -> 2
H96: بيع | K96: 134 | L96: ='07-04'!$K96+('07-04'!$J96/90) -> 134
H97: بيع | K97: 10 | L97: ='07-04'!$K97+('07-04'!$J97/90) -> 10
H98: بيع | K98: 70 | L98: ='07-04'!$K98+('07-04'!$J98/90) -> 70
H99: بيع | K99: 110 | L99: ='07-04'!$K99+('07-04'!$J99/90) -> 110
H100: بيع | J100: -200 | K100: 5 | L100: ='07-04'!$K100+('07-04'!$J100/90) -> 2.7777778
...

Sheet 08-04
I1: حركة الصندوق | J1: =SUM(J3:J18) -> -520 | K1: =SUM(K3:K18) -> 270 | L1: =SUM(L3:L18) -> 264.22222
H2: العملية | I2: البيان | J2: اللبناني | K2: الدولار | L2: مبيع $
H3: بيع | K3: 60 | L3: =K3+(J3/90) -> 60
H4: بيع | J4: 180 | L4: =K4+(J4/90) -> 2
H5: بيع | J5: -700 | K5: 10 | L5: =K5+(J5/90) -> 2.2222222
H6: بيع | K6: 100 | L6: =K6+(J6/90) -> 100
H7: بيع | K7: 100 | L7: =K7+(J7/90) -> 100
H8: بيع | L8: =K8+(J8/90) -> 0
H9: بيع | L9: =K9+(J9/90) -> 0
H10: بيع | L10: =K10+(J10/90) -> 0
H11: بيع | L11: =K11+(J11/90) -> 0
H12: بيع | L12: =K12+(J12/90) -> 0
H13: بيع | L13: =K13+(J13/90) -> 0
H14: بيع | L14: =K14+(J14/90) -> 0
H15: بيع | L15: =K15+(J15/90) -> 0
H16: بيع | L16: =K16+(J16/90) -> 0
H17: بيع | L17: =K17+(J17/90) -> 0
A18: رصيد قديم من تاريخ | H18: بيع | L18: =K18+(J18/90) -> 0
A19: 07-04
A20: جرد اول النهار | I20: حركة الصندوق | J20: =SUM('08-04'!$J$22:$J$76) -> -65 | K20: =SUM('08-04'!$K$22:$K$76) -> -6391 | L20: =SUM('08-04'!$L$22:$L$76) -> -6391.7222 | N20: جرد اخر النهار
A21: الفئة دولار | B21: العدد | C21: المجموع | D21: الفئة لبناني | E21: العدد | F21: المجموع | H21: العملية | I21: البيان | J21: اللبناني | K21: الدولار | L21: مبيع $ | N21: الفئة دولار | O21: العدد | P21: المجموع | Q21: الفئة لبناني | R21: العدد | S21: المجموع
A22: 1 | B22: 9 | C22: =A22*B22 -> 9 | D22: 5 | E22: 36 | F22: =D22*E22 -> 180 | H22: بيع | I22: قلب ومسكة ايطالي 3 | J22: -650 | K22: 20 | L22: ='08-04'!$K22+('08-04'!$J22/90) -> 12.777778 | N22: 1 | O22: 11 | P22: =N22*O22 -> 11 | Q22: 5 | R22: 35 | S22: =Q22*R22 -> 175
A23: 5 | C23: =A23*B23 -> 0 | D23: 10 | E23: 20 | F23: =D23*E23 -> 200 | H23: بيع | I23: سدة | J23: 220 | L23: ='08-04'!$K23+('08-04'!$J23/90) -> 2.4444444 | N23: 5 | O23: 1 | P23: =N23*O23 -> 5 | Q23: 10 | R23: 18 | S23: =Q23*R23 -> 180
A24: 10 | B24: 21 | C24: =A24*B24 -> 210 | D24: 20 | E24: 22 | F24: =D24*E24 -> 440 | H24: بيع | I24: سكر دوبل | J24: 90 | K24: 2 | L24: ='08-04'!$K24+('08-04'!$J24/90) -> 3 | N24: 10 | O24: 24 | P24: =N24*O24 -> 240 | Q24: 20 | R24: 20 | S24: =Q24*R24 -> 400
A25: 20 | B25: 26 | C25: =A25*B25 -> 520 | D25: 50 | E25: 11 | F25: =D25*E25 -> 550 | H25: بيع | I25: قوى الامن | J25: 44400 | L25: ='08-04'!$K25+('08-04'!$J25/90) -> 493.33333 | N25: 20 | O25: 25 | P25: =N25*O25 -> 500 | Q25: 50 | R25: 5 | S25: =Q25*R25 -> 250
A26: 50 | B26: 8 | C26: =A26*B26 -> 400 | D26: 100 | E26: 57 | F26: =D26*E26 -> 5700 | H26: سحب | I26: بالخزنة | J26: -44400 | L26: ='08-04'!$K26+('08-04'!$J26/90) -> -493.33333 | N26: 50 | O26: 9 | P26: =N26*O26 -> 450 | Q26: 100 | R26: 62 | S26: =Q26*R26 -> 6200
A27: 100 | B27: 60 | C27: =A27*B27 -> 6000 | D27: المجموع | F27: =SUM(F22:F26) -> 7070 | H27: بيع | I27: مجراية | K27: 20 | L27: ='08-04'!$K27+('08-04'!$J27/90) -> 20 | N27: 100 | O27: 11 | P27: =N27*O27 -> 1100 | Q27: المجموع | S27: =SUM(S22:S26) -> 7205
A28: المجموع | C28: =SUM(C22:C27) -> 7139 | H28: بيع | I28: كوع + تلزيق | K28: 4 | L28: ='08-04'!$K28+('08-04'!$J28/90) -> 4 | N28: المجموع | P28: =SUM(P22:P27) -> 2306
B29: 0 | D29: حركة الصندوق ل.ل | F29: {=INDIRECT("'"&$A$19&"'!J20")+J1} -> 855 | H29: بيع | I29: تركية | K29: 365 | L29: ='08-04'!$K29+('08-04'!$J29/90) -> 365 | Q29: حركة الصندوق ل.ل | S29: =SUM('08-04'!$J$22:$J$76) -> -65
A30: حركة الصندوق $ | C30: {=INDIRECT("'"&$A$19&"'!K20")+K1} -> 6090 | H30: بيع | I30: ابو موسى | K30: 400 | L30: ='08-04'!$K30+('08-04'!$J30/90) -> 400 | N30: حركة الصندوق $ | P30: =SUM('08-04'!$K$22:$K$76) -> -6391
D31: الفرق | F31: {=F27-F29-INDIRECT("'"&$A$19&"'!f27")} -> 0 | H31: بيع | I31: بلال | K31: 170 | L31: ='08-04'!$K31+('08-04'!$J31/90) -> 170 | Q31: الفرق | S31: =S27-S29-F27 -> 200
A32: الفرق | C32: {=C28-C30-INDIRECT("'"&$A$19&"'!c28")} -> 0 | H32: سحب | I32: للحاج فواتير نقدية | K32: -935 | L32: ='08-04'!$K32+('08-04'!$J32/90) -> -935 | N32: الفرق | P32: =P28-P30-C28 -> 1558
H33: سحب | I33: من الحاج | J33: 2000 | L33: ='08-04'!$K33+('08-04'!$J33/90) -> 22.222222
H34: مصاريف | I34: بنزين ابو هيثم | J34: -2000 | L34: ='08-04'!$K34+('08-04'!$J34/90) -> -22.222222
H35: بيع | I35: لفة | J35: -135 | K35: 10 | L35: ='08-04'!$K35+('08-04'!$J35/90) -> 8.5
H36: بيع | I36: ترابة بيضاء | J36: 60 | L36: ='08-04'!$K36+('08-04'!$J36/90) -> 0.66666667
H37: بيع | I37: تلزيق بلاط وترابة | J37: 280 | K37: 10 | L37: ='08-04'!$K37+('08-04'!$J37/90) -> 13.111111
H38: بيع | I38: ترابة | J38: 30 | L38: ='08-04'!$K38+('08-04'!$J38/90) -> 0.33333333
H39: بيع | I39: جهاد الاغا | K39: 10 | L39: ='08-04'!$K39+('08-04'!$J39/90) -> 10
H40: سحب | I40: بالخزنة | K40: -6000 | L40: ='08-04'!$K40+('08-04'!$J40/90) -> -6000
H41: بيع | I41: محمد الاسمر | J41: -540 | K41: 20 | L41: ='08-04'!$K41+('08-04'!$J41/90) -> 14
H42: بيع | I42: ترابة | J42: 50 | L42: ='08-04'!$K42+('08-04'!$J42/90) -> 0.55555556
H43: بيع | I43: كرسي ومغسلة وخلاط | J43: 1100 | K43: 200 | L43: ='08-04'!$K43+('08-04'!$J43/90) -> 212.22222
H44: بيع | I44: ركور ذكر | J44: 340 | L44: ='08-04'!$K44+('08-04'!$J44/90) -> 3.7777778
H45: بيع | I45: الحاج بسام عبد الله | K45: 15 | L45: ='08-04'!$K45+('08-04'!$J45/90) -> 15
H46: بيع | I46: قلب ومسكة | J46: 380 | L46: ='08-04'!$K46+('08-04'!$J46/90) -> 4.2222222
H47: بيع | I47: النقاش شادي نقوزي | K47: 330 | L47: ='08-04'!$K47+('08-04'!$J47/90) -> 330
H48: بيع | I48: سيليكون ابيض | J48: 180 | L48: ='08-04'!$K48+('08-04'!$J48/90) -> 2
H49: بيع | I49: مبولة | J49: -360 | K49: 20 | L49: ='08-04'!$K49+('08-04'!$J49/90) -> 16
H50: بيع | I50: بلاط | K50: 605 | L50: ='08-04'!$K50+('08-04'!$J50/90) -> 605
H51: بيع | I51: قاعدة دوش | J51: 300 | L51: ='08-04'!$K51+('08-04'!$J51/90) -> 3.3333333
H52: بيع | I52: طبوش | J52: 400 | K52: 2 | L52: ='08-04'!$K52+('08-04'!$J52/90) -> 6.4444444
H53: بيع | I53: انور ياسين | K53: 30 | L53: ='08-04'!$K53+('08-04'!$J53/90) -> 30
H54: مصاريف | I54: بنزين حسام | J54: -2000 | L54: ='08-04'!$K54+('08-04'!$J54/90) -> -22.222222
H55: مصاريف | I55: بنزين ابراهيم | J55: -300 | L55: ='08-04'!$K55+('08-04'!$J55/90) -> -3.3333333
H56: سحب | I56: خزانات | K56: -270 | L56: ='08-04'!$K56+('08-04'!$J56/90) -> -270
H57: بيع | I57: باتكس | J57: 120 | L57: ='08-04'!$K57+('08-04'!$J57/90) -> 1.3333333
H58: بيع | I58: براغي غطاء | J58: 100 | L58: ='08-04'!$K58+('08-04'!$J58/90) -> 1.1111111
H59: بيع | I59: كاتو | J59: 200 | L59: ='08-04'!$K59+('08-04'!$J59/90) -> 2.2222222
H60: بيع | I60: باكس 16 1م | J60: 50 | L60: ='08-04'!$K60+('08-04'!$J60/90) -> 0.55555556
H61: بيع | I61: عزقة 16 | J61: 70 | L61: ='08-04'!$K61+('08-04'!$J61/90) -> 0.77777778
H62: بيع | I62: ابو موسى | J62: 450 | K62: 131 | L62: ='08-04'!$K62+('08-04'!$J62/90) -> 136
H63: بيع | I63: مرتجع نربيجين وبعزقة | J63: -600 | L63: ='08-04'!$K63+('08-04'!$J63/90) -> -6.6666667
H64: بيع | I64: كوع | J64: 300 | L64: ='08-04'!$K64+('08-04'!$J64/90) -> 3.3333333
H65: بيع | K65: 8 | L65: ='08-04'!$K65+('08-04'!$J65/90) -> 8 | N65: مطابق | P65: 2306 | S65: 7205
H66: بيع | I66: موتير ليو | K66: 55 | L66: ='08-04'!$K66+('08-04'!$J66/90) -> 55
H67: بيع | I67: مع ابراهيم للصيفي | K67: -73 | L67: ='08-04'!$K67+('08-04'!$J67/90) -> -73
H68: بيع | J68: -200 | K68: 10 | L68: ='08-04'!$K68+('08-04'!$J68/90) -> 7.7777778
H69: سحب | K69: -1550 | L69: ='08-04'!$K69+('08-04'!$J69/90) -> -1550
H70: بيع | I70: من ابراهيم الصيفي | K70: 100 | L70: ='08-04'!$K70+('08-04'!$J70/90) -> 100
H71: سحب | I71: للحاج فواتير نقدية | K71: -100 | L71: ='08-04'!$K71+('08-04'!$J71/90) -> -100
H72: بيع | L72: ='08-04'!$K72+('08-04'!$J72/90) -> 0
H73: بيع | L73: ='08-04'!$K73+('08-04'!$J73/90) -> 0
H74: بيع | L74: ='08-04'!$K74+('08-04'!$J74/90) -> 0
H75: بيع | L75: ='08-04'!$K75+('08-04'!$J75/90) -> 0
H76: بيع | L76: ='08-04'!$K76+('08-04'!$J76/90) -> 0

Sheet 09-04
I1: حركة الصندوق | J1: =SUM(J3:J18) -> 880 | K1: =SUM(K3:K18) -> 390 | L1: =SUM(L3:L18) -> 399.77778
H2: العملية | I2: البيان | J2: اللبناني | K2: الدولار | L2: مبيع $
H3: بيع | J3: -50 | K3: 20 | L3: =K3+(J3/90) -> 19.444444
H4: بيع | J4: 990 | L4: =K4+(J4/90) -> 11
H5: بيع | J5: 180 | L5: =K5+(J5/90) -> 2
H6: بيع | J6: 350 | L6: =K6+(J6/90) -> 3.8888889
H7: بيع | J7: 180 | L7: =K7+(J7/90) -> 2
H8: بيع | K8: 5 | L8: =K8+(J8/90) -> 5
H9: بيع | J9: -270 | L9: =K9+(J9/90) -> -3
H10: بيع | K10: 65 | L10: =K10+(J10/90) -> 65
H11: بيع | K11: 110 | L11: =K11+(J11/90) -> 110
H12: بيع | J12: 200 | L12: =K12+(J12/90) -> 2.2222222
H13: بيع | J13: 200 | L13: =K13+(J13/90) -> 2.2222222
H14: بيع | K14: -10 | L14: =K14+(J14/90) -> -10
H15: بيع | J15: -900 | K15: 200 | L15: =K15+(J15/90) -> 190
H16: بيع | L16: =K16+(J16/90) -> 0
H17: بيع | L17: =K17+(J17/90) -> 0
A18: رصيد قديم من تاريخ | H18: بيع | L18: =K18+(J18/90) -> 0
A19: 08-04
A20: جرد اول النهار | I20: حركة الصندوق | J20: =SUM('09-04'!$J$22:$J$110) -> -1290 | K20: =SUM('09-04'!$K$22:$K$110) -> -94 | L20: =SUM('09-04'!$L$22:$L$110) -> -108.33333 | N20: جرد اخر النهار
A21: الفئة دولار | B21: العدد | C21: المجموع | D21: الفئة لبناني | E21: العدد | F21: المجموع | H21: العملية | I21: البيان | J21: اللبناني | K21: الدولار | L21: مبيع $ | N21: الفئة دولار | O21: العدد | P21: المجموع | Q21: الفئة لبناني | R21: العدد | S21: المجموع
A22: 1 | B22: 8 | C22: =A22*B22 -> 8 | D22: 5 | E22: 37 | F22: =D22*E22 -> 185 | H22: بيع | I22: صرف | J22: -900 | K22: 10 | L22: ='09-04'!$K22+('09-04'!$J22/90) -> 0 | N22: 1 | O22: 7 | P22: =N22*O22 -> 7 | Q22: 5 | R22: 34 | S22: =Q22*R22 -> 170
A23: 5 | B23: 2 | C23: =A23*B23 -> 10 | D23: 10 | E23: 20 | F23: =D23*E23 -> 200 | H23: بيع | I23: ابو مهدي | J23: -225 | K23: 20 | L23: ='09-04'!$K23+('09-04'!$J23/90) -> 17.5 | N23: 5 | O23: 2 | P23: =N23*O23 -> 10 | Q23: 10 | R23: 19 | S23: =Q23*R23 -> 190
A24: 10 | B24: 23 | C24: =A24*B24 -> 230 | D24: 20 | E24: 20 | F24: =D24*E24 -> 400 | H24: بيع | I24: فاتورة | J24: 940 | L24: ='09-04'!$K24+('09-04'!$J24/90) -> 10.444444 | N24: 10 | O24: 27 | P24: =N24*O24 -> 270 | Q24: 20 | R24: 26 | S24: =Q24*R24 -> 520
A25: 20 | B25: 22 | C25: =A25*B25 -> 440 | D25: 50 | E25: 2 | F25: =D25*E25 -> 100 | H25: مصاريف | I25: بنزين عبد | J25: -300 | L25: ='09-04'!$K25+('09-04'!$J25/90) -> -3.3333333 | N25: 20 | O25: 24 | P25: =N25*O25 -> 480 | Q25: 50 | R25: 1 | S25: =Q25*R25 -> 50
A26: 50 | B26: 1 | C26: =A26*B26 -> 50 | D26: 100 | E26: 70 | F26: =D26*E26 -> 7000 | H26: بيع | I26: جميل ترجمان | J26: 18100 | L26: ='09-04'!$K26+('09-04'!$J26/90) -> 201.11111 | N26: 50 | O26: 7 | P26: =N26*O26 -> 350 | Q26: 100 | R26: 66 | S26: =Q26*R26 -> 6600
A27: 100 | B27: 4 | C27: =A27*B27 -> 400 | D27: المجموع | F27: =SUM(F22:F26) -> 7885 | H27: بيع | I27: احمد 3 | J27: 400 | K27: 5 | L27: ='09-04'!$K27+('09-04'!$J27/90) -> 9.4444444 | N27: 100 | O27: 18 | P27: =N27*O27 -> 1800 | Q27: المجموع | S27: =SUM(S22:S26) -> 7530
A28: المجموع | C28: =SUM(C22:C27) -> 1138 | H28: بيع | J28: 75 | L28: ='09-04'!$K28+('09-04'!$J28/90) -> 0.83333333 | N28: المجموع | P28: =SUM(P22:P27) -> 2917
B29: 0 | D29: حركة الصندوق ل.ل | F29: {=INDIRECT("'"&$A$19&"'!J20")+J1} -> 815 | H29: سحب | I29: بالخزنة | J29: -20000 | L29: ='09-04'!$K29+('09-04'!$J29/90) -> -222.22222 | Q29: حركة الصندوق ل.ل | S29: =SUM('09-04'!$J$22:$J$110) -> -1290
A30: حركة الصندوق $ | C30: {=INDIRECT("'"&$A$19&"'!K20")+K1} -> -6001 | H30: بيع | I30: قطع وصل | J30: 200 | L30: ='09-04'!$K30+('09-04'!$J30/90) -> 2.2222222 | N30: حركة الصندوق $ | P30: =SUM('09-04'!$K$22:$K$110) -> -94
D31: الفرق | F31: {=F27-F29-INDIRECT("'"&$A$19&"'!f27")} -> 0 | H31: بيع | I31: ابو هادي | K31: 10 | L31: ='09-04'!$K31+('09-04'!$J31/90) -> 10 | Q31: الفرق | S31: =S27-S29-F27 -> 935
A32: الفرق | C32: {=C28-C30-INDIRECT("'"&$A$19&"'!c28")} -> 0 | H32: بيع | I32: ابو هادي | J32: -180 | K32: 10 | L32: ='09-04'!$K32+('09-04'!$J32/90) -> 8 | N32: الفرق | P32: =P28-P30-C28 -> 1873
H33: بيع | I33: علي ايبو | K33: 90 | L33: ='09-04'!$K33+('09-04'!$J33/90) -> 90
H34: بيع | I34: ورق حف | J34: 50 | K34: 10 | L34: ='09-04'!$K34+('09-04'!$J34/90) -> 10.555556
H35: بيع | I35: موتير ليو | K35: 34 | L35: ='09-04'!$K35+('09-04'!$J35/90) -> 34
H36: بيع | I36: فاتورة | K36: 130 | L36: ='09-04'!$K36+('09-04'!$J36/90) -> 130
H37: بيع | I37: نربيج خلاط | J37: 500 | L37: ='09-04'!$K37+('09-04'!$J37/90) -> 5.5555556
H38: بيع | I38: ايزي مع صباب | J38: 150 | L38: ='09-04'!$K38+('09-04'!$J38/90) -> 1.6666667
H39: بيع | I39: غطاء ميوركس | J39: -270 | K39: 40 | L39: ='09-04'!$K39+('09-04'!$J39/90) -> 37
H40: بيع | I40: نحاتة | J40: 70 | L40: ='09-04'!$K40+('09-04'!$J40/90) -> 0.77777778
H41: بيع | I41: عنق مجلى | J41: 250 | L41: ='09-04'!$K41+('09-04'!$J41/90) -> 2.7777778
H42: بيع | I42: نحاتة | J42: 70 | L42: ='09-04'!$K42+('09-04'!$J42/90) -> 0.77777778
H43: بيع | I43: خلاط واغراض | K43: 107 | L43: ='09-04'!$K43+('09-04'!$J43/90) -> 107
H44: بيع | J44: 100 | L44: ='09-04'!$K44+('09-04'!$J44/90) -> 1.1111111
H45: بيع | I45: اسافين | K45: 3 | L45: ='09-04'!$K45+('09-04'!$J45/90) -> 3
H46: بيع | J46: 350 | L46: ='09-04'!$K46+('09-04'!$J46/90) -> 3.8888889
H47: بيع | J47: 50 | L47: ='09-04'!$K47+('09-04'!$J47/90) -> 0.55555556
H48: بيع | K48: 60 | L48: ='09-04'!$K48+('09-04'!$J48/90) -> 60
H49: بيع | I49: خزان 2000 | K49: 110 | L49: ='09-04'!$K49+('09-04'!$J49/90) -> 110
H50: بيع | I50: محمد درويش | K50: 80 | L50: ='09-04'!$K50+('09-04'!$J50/90) -> 80
H51: بيع | I51: ورق حف | J51: 60 | L51: ='09-04'!$K51+('09-04'!$J51/90) -> 0.66666667
H52: بيع | I52: اكسسوار | K52: 63 | L52: ='09-04'!$K52+('09-04'!$J52/90) -> 63
H53: بيع | I53: محمود سلامة | K53: 25 | L53: ='09-04'!$K53+('09-04'!$J53/90) -> 25
H54: بيع | I54: ابو مراد | K54: 500 | L54: ='09-04'!$K54+('09-04'!$J54/90) -> 500
H55: بيع | I55: طابة ايطالي | J55: 630 | L55: ='09-04'!$K55+('09-04'!$J55/90) -> 7
H56: بيع | J56: 50 | L56: ='09-04'!$K56+('09-04'!$J56/90) -> 0.55555556
H57: جملة | I57: ابو عبد الله | K57: 400 | L57: ='09-04'!$K57+('09-04'!$J57/90) -> 400 | N57: مطابق | P57: 2856 | S57: 8155
H58: بيع | I58: احمد الديري | J58: 100 | K58: 11 | L58: ='09-04'!$K58+('09-04'!$J58/90) -> 12.111111
H59: بيع | J59: -500 | K59: 10 | L59: ='09-04'!$K59+('09-04'!$J59/90) -> 4.4444444
H60: بيع | I60: صباب وايزي | J60: 150 | L60: ='09-04'!$K60+('09-04'!$J60/90) -> 1.6666667
H61: بيع | J61: 10 | K61: 1 | L61: ='09-04'!$K61+('09-04'!$J61/90) -> 1.1111111
H62: بيع | I62: اكسسوار | J62: -135 | K62: 45 | L62: ='09-04'!$K62+('09-04'!$J62/90) -> 43.5
H63: بيع | I63: تيه واي | J63: -150 | K63: 5 | L63: ='09-04'!$K63+('09-04'!$J63/90) -> 3.3333333 | N63: مطابق | P63: 2917 | S63: 7530
H64: بيع | J64: 100 | K64: 21 | L64: ='09-04'!$K64+('09-04'!$J64/90) -> 22.111111
H65: بيع | J65: 600 | L65: ='09-04'!$K65+('09-04'!$J65/90) -> 6.6666667
H66: بيع | J66: 325 | L66: ='09-04'!$K66+('09-04'!$J66/90) -> 3.6111111
H67: بيع | K67: 10 | L67: ='09-04'!$K67+('09-04'!$J67/90) -> 10
H68: بيع | J68: -550 | K68: 10 | L68: ='09-04'!$K68+('09-04'!$J68/90) -> 3.8888889
H69: بيع | J69: 100 | K69: 75 | L69: ='09-04'!$K69+('09-04'!$J69/90) -> 76.111111
H70: بيع | J70: 100 | K70: 5 | L70: ='09-04'!$K70+('09-04'!$J70/90) -> 6.1111111
H71: بيع | J71: -200 | L71: ='09-04'!$K71+('09-04'!$J71/90) -> -2.2222222
H72: بيع | K72: 3000 | L72: ='09-04'!$K72+('09-04'!$J72/90) -> 3000
H73: بيع | J73: -500 | K73: 20 | L73: ='09-04'!$K73+('09-04'!$J73/90) -> 14.444444
H74: بيع | K74: 10 | L74: ='09-04'!$K74+('09-04'!$J74/90) -> 10
H75: بيع | J75: -125 | K75: 5 | L75: ='09-04'!$K75+('09-04'!$J75/90) -> 3.6111111
H76: بيع | K76: 10 | L76: ='09-04'!$K76+('09-04'!$J76/90) -> 10
H77: بيع | J77: -200 | K77: 10 | L77: ='09-04'!$K77+('09-04'!$J77/90) -> 7.7777778
H78: بيع | J78: 2700 | K78: 75 | L78: ='09-04'!$K78+('09-04'!$J78/90) -> 105
H79: بيع | K79: 46 | L79: ='09-04'!$K79+('09-04'!$J79/90) -> 46
H80: بيع | K80: 1000 | L80: ='09-04'!$K80+('09-04'!$J80/90) -> 1000
H81: بيع | K81: 1000 | L81: ='09-04'!$K81+('09-04'!$J81/90) -> 1000
H82: بيع | J82: 250 | L82: ='09-04'!$K82+('09-04'!$J82/90) -> 2.7777778
H83: سحب | K83: -150 | L83: ='09-04'!$K83+('09-04'!$J83/90) -> -150
H84: بيع | J84: 70 | L84: ='09-04'!$K84+('09-04'!$J84/90) -> 0.77777778
H85: بيع | J85: 180 | K85: 10 | L85: ='09-04'!$K85+('09-04'!$J85/90) -> 12
H86: بيع | K86: 70 | L86: ='09-04'!$K86+('09-04'!$J86/90) -> 70
H87: بيع | K87: 350 | L87: ='09-04'!$K87+('09-04'!$J87/90) -> 350
H88: بيع | J88: 720 | L88: ='09-04'!$K88+('09-04'!$J88/90) -> 8
H89: بيع | J89: 135 | L89: ='09-04'!$K89+('09-04'!$J89/90) -> 1.5
H90: بيع | J90: 195 | L90: ='09-04'!$K90+('09-04'!$J90/90) -> 2.1666667
H91: بيع | K91: -5000 | L91: ='09-04'!$K91+('09-04'!$J91/90) -> -5000
H92: بيع | K92: -2600 | L92: ='09-04'!$K92+('09-04'!$J92/90) -> -2600
H93: بيع | J93: -5000 | L93: ='09-04'!$K93+('09-04'!$J93/90) -> -55.555556
H94: بيع | L94: ='09-04'!$K94+('09-04'!$J94/90) -> 0
H95: مصاريف | I95: بنزين من الحاج | K95: -20 | L95: ='09-04'!$K95+('09-04'!$J95/90) -> -20
H96: مصاريف | I96: بنزين من الحاج | J96: -2000 | L96: ='09-04'!$K96+('09-04'!$J96/90) -> -22.222222
H97: مصاريف | I97: بنزين من الحاج | J97: -2000 | L97: ='09-04'!$K97+('09-04'!$J97/90) -> -22.222222
H98: مصاريف | I98: بنزين من الحاج | J98: -300 | L98: ='09-04'!$K98+('09-04'!$J98/90) -> -3.3333333
H99: سحب | I99: من الحاج | J99: 4300 | K99: 20 | L99: ='09-04'!$K99+('09-04'!$J99/90) -> 67.777778
H100: بيع | I100: سلامة | J100: 300 | L100: ='09-04'!$K100+('09-04'!$J100/90) -> 3.3333333
...

Sheet 10-04
I1: حركة الصندوق | J1: =SUM(J3:J18) -> -100 | K1: =SUM(K3:K18) -> 20 | L1: =SUM(L3:L18) -> 18.888889
H2: العملية | I2: البيان | J2: اللبناني | K2: الدولار | L2: مبيع $
H3: بيع | K3: 20 | L3: =K3+(J3/90) -> 20
H4: مصاريف | J4: -100 | L4: =K4+(J4/90) -> -1.1111111
H5: بيع | J5: -100 | K5: -20 | L5: =K5+(J5/90) -> -21.111111
H6: بيع | K6: 5 | L6: =K6+(J6/90) -> 5
H7: بيع | J7: 200 | L7: =K7+(J7/90) -> 2.2222222
H8: بيع | J8: 150 | L8: =K8+(J8/90) -> 1.6666667
H9: بيع | J9: -315 | K9: 5 | L9: =K9+(J9/90) -> 1.5
H10: بيع | J10: -315 | K10: 10 | L10: =K10+(J10/90) -> 6.5
H11: بيع | J11: 380 | L11: =K11+(J11/90) -> 4.2222222
H12: بيع | L12: =K12+(J12/90) -> 0
H13: بيع | L13: =K13+(J13/90) -> 0
H14: بيع | L14: =K14+(J14/90) -> 0
H15: بيع | L15: =K15+(J15/90) -> 0
H16: بيع | L16: =K16+(J16/90) -> 0
H17: بيع | L17: =K17+(J17/90) -> 0
A18: رصيد قديم من تاريخ | H18: بيع | L18: =K18+(J18/90) -> 0
A19: 09-04
A20: جرد اول النهار | I20: حركة الصندوق | J20: =SUM('10-04'!$J$22:$J$109) -> -1325 | K20: =SUM('10-04'!$K$22:$K$109) -> 52 | L20: =SUM('10-04'!$L$22:$L$109) -> 37.277778 | N20: جرد اخر النهار
A21: الفئة دولار | B21: العدد | C21: المجموع | D21: الفئة لبناني | E21: العدد | F21: المجموع | H21: العملية | I21: البيان | J21: اللبناني | K21: الدولار | L21: مبيع $ | N21: الفئة دولار | O21: العدد | P21: المجموع | Q21: الفئة لبناني | R21: العدد | S21: المجموع
A22: 1 | B22: 9 | C22: =A22*B22 -> 9 | D22: 5 | E22: 33 | F22: =D22*E22 -> 165 | H22: بيع | I22: كتر و قسطل | K22: 2 | L22: ='10-04'!$K22+('10-04'!$J22/90) -> 2 | N22: 1 | O22: 10 | P22: =N22*O22 -> 10 | Q22: 5 | R22: 33 | S22: =Q22*R22 -> 165
A23: 5 | B23: 1 | C23: =A23*B23 -> 5 | D23: 10 | E23: 21 | F23: =D23*E23 -> 210 | H23: بيع | I23: خالد أبو الدقن | K23: 20 | L23: ='10-04'!$K23+('10-04'!$J23/90) -> 20 | N23: 5 | O23: 4 | P23: =N23*O23 -> 20 | Q23: 10 | R23: 24 | S23: =Q23*R23 -> 240
A24: 10 | B24: 27 | C24: =A24*B24 -> 270 | D24: 20 | E24: 26 | F24: =D24*E24 -> 520 | H24: مصاريف | I24: بنزين عبد | J24: -300 | L24: ='10-04'!$K24+('10-04'!$J24/90) -> -3.3333333 | N24: 10 | O24: 28 | P24: =N24*O24 -> 280 | Q24: 20 | R24: 24 | S24: =Q24*R24 -> 480
A25: 20 | B25: 29 | C25: =A25*B25 -> 580 | D25: 50 | E25: 4 | F25: =D25*E25 -> 200 | H25: بيع | I25: ابو علي زريق | J25: 130 | K25: 20 | L25: ='10-04'!$K25+('10-04'!$J25/90) -> 21.444444 | N25: 20 | O25: 34 | P25: =N25*O25 -> 680 | Q25: 50 | R25: 3 | S25: =Q25*R25 -> 150
A26: 50 | B26: 2 | C26: =A26*B26 -> 100 | D26: 100 | E26: 54 | F26: =D26*E26 -> 5400 | H26: بيع | I26: ابو الياس | J26: -200 | K26: 35 | L26: ='10-04'!$K26+('10-04'!$J26/90) -> 32.777778 | N26: 50 | O26: 4 | P26: =N26*O26 -> 200 | Q26: 100 | R26: 55 | S26: =Q26*R26 -> 5500
A27: 100 | B27: 1 | C27: =A27*B27 -> 100 | D27: المجموع | F27: =SUM(F22:F26) -> 6495 | H27: بيع | I27: مصطفى | K27: 120 | L27: ='10-04'!$K27+('10-04'!$J27/90) -> 120 | N27: 100 | O27: 6 | P27: =N27*O27 -> 600 | Q27: المجموع | S27: =SUM(S22:S26) -> 6535
A28: المجموع | C28: =SUM(C22:C27) -> 1064 | H28: بيع | I28: وسام شقير | J28: -400 | K28: 10 | L28: ='10-04'!$K28+('10-04'!$J28/90) -> 5.5555556 | N28: المجموع | P28: =SUM(P22:P27) -> 1790
B29: 0 | D29: حركة الصندوق ل.ل | F29: {=INDIRECT("'"&$A$19&"'!J20")+J1} -> -1390 | H29: بيع | J29: 300 | L29: ='10-04'!$K29+('10-04'!$J29/90) -> 3.3333333 | Q29: حركة الصندوق ل.ل | S29: =SUM('10-04'!$J$22:$J$109) -> -1325
A30: حركة الصندوق $ | C30: {=INDIRECT("'"&$A$19&"'!K20")+K1} -> -74 | H30: بيع | I30: ورق حف | J30: 100 | L30: ='10-04'!$K30+('10-04'!$J30/90) -> 1.1111111 | N30: حركة الصندوق $ | P30: =SUM('10-04'!$K$22:$K$109) -> 52
D31: الفرق | F31: {=F27-F29-INDIRECT("'"&$A$19&"'!f27")} -> 0 | H31: بيع | I31: سبراي اسود مات | J31: 150 | L31: ='10-04'!$K31+('10-04'!$J31/90) -> 1.6666667 | Q31: الفرق | S31: =S27-S29-F27 -> 1365
A32: الفرق | C32: {=C28-C30-INDIRECT("'"&$A$19&"'!c28")} -> 0 | H32: بيع | I32: كاتو | J32: 360 | L32: ='10-04'!$K32+('10-04'!$J32/90) -> 4 | N32: الفرق | P32: =P28-P30-C28 -> 674
H33: بيع | I33: ابو الحسن موتير | K33: 130 | L33: ='10-04'!$K33+('10-04'!$J33/90) -> 130
H34: بيع | I34: ابو عماد الصالحاني | K34: 100 | L34: ='10-04'!$K34+('10-04'!$J34/90) -> 100
H35: بيع | I35: غطاء ميوركس | K35: 33 | L35: ='10-04'!$K35+('10-04'!$J35/90) -> 33
H36: بيع | K36: 2 | L36: ='10-04'!$K36+('10-04'!$J36/90) -> 2
H37: بيع | I37: طابة ومسكة وتلزيق | J37: -45 | K37: 15 | L37: ='10-04'!$K37+('10-04'!$J37/90) -> 14.5
H38: بيع | J38: 200 | L38: ='10-04'!$K38+('10-04'!$J38/90) -> 2.2222222
H39: بيع | I39: نربيج شطافة وبلجيكي | J39: -100 | K39: 10 | L39: ='10-04'!$K39+('10-04'!$J39/90) -> 8.8888889
H40: بيع | I40: عدة كبس صيني | J40: 600 | L40: ='10-04'!$K40+('10-04'!$J40/90) -> 6.6666667
H41: سحب | I41: من الحاج | J41: 2000 | L41: ='10-04'!$K41+('10-04'!$J41/90) -> 22.222222
H42: مصاريف | I42: بنزين ابو هيثم | J42: -2000 | L42: ='10-04'!$K42+('10-04'!$J42/90) -> -22.222222
H43: بيع | I43: عنق نربج | J43: 300 | L43: ='10-04'!$K43+('10-04'!$J43/90) -> 3.3333333
H44: بيع | I44: مصطفى | J44: 670 | K44: 10 | L44: ='10-04'!$K44+('10-04'!$J44/90) -> 17.444444
H45: بيع | I45: نربيج فيتاس ودوش | J45: -400 | K45: 10 | L45: ='10-04'!$K45+('10-04'!$J45/90) -> 5.5555556
H46: بيع | I46: طابة ايطالي 2 | K46: 14 | L46: ='10-04'!$K46+('10-04'!$J46/90) -> 14
H47: بيع | I47: سدة وشاسيه | J47: 500 | L47: ='10-04'!$K47+('10-04'!$J47/90) -> 5.5555556
H48: مصاريف | I48: بنزين حسام | K48: -20 | L48: ='10-04'!$K48+('10-04'!$J48/90) -> -20
H49: بيع | I49: مرتجع سليم البواب | K49: -75 | L49: ='10-04'!$K49+('10-04'!$J49/90) -> -75
H50: بيع | I50: حسين | K50: 18 | L50: ='10-04'!$K50+('10-04'!$J50/90) -> 18
H51: بيع | I51: خلاط مغسلة فيتاس | K51: 25 | L51: ='10-04'!$K51+('10-04'!$J51/90) -> 25
H52: بيع | I52: قلب وايزي | J52: -525 | K52: 10 | L52: ='10-04'!$K52+('10-04'!$J52/90) -> 4.1666667
H53: بيع | I53: طابة 1/2 | J53: 400 | L53: ='10-04'!$K53+('10-04'!$J53/90) -> 4.4444444
H54: بيع | I54: خضر | J54: -350 | K54: 10 | L54: ='10-04'!$K54+('10-04'!$J54/90) -> 6.1111111
H55: بيع | I55: احمد الموسى | J55: 140 | K55: 20 | L55: ='10-04'!$K55+('10-04'!$J55/90) -> 21.555556
H56: بيع | I56: جوزة اف اف | J56: 200 | K56: 6 | L56: ='10-04'!$K56+('10-04'!$J56/90) -> 8.2222222
H57: بيع | I57: مرتجع احمد 3 | J57: -350 | L57: ='10-04'!$K57+('10-04'!$J57/90) -> -3.8888889
H58: بيع | I58: خزان واغراض | K58: 180 | L58: ='10-04'!$K58+('10-04'!$J58/90) -> 180
H59: بيع | I59: عزق ورندال وتيج | K59: 17 | L59: ='10-04'!$K59+('10-04'!$J59/90) -> 17
H60: بيع | K60: 4 | L60: ='10-04'!$K60+('10-04'!$J60/90) -> 4
H61: بيع | I61: مطابقة | J61: -1340 | L61: ='10-04'!$K61+('10-04'!$J61/90) -> -14.888889 | N61: مطابق | P61: 1790 | S61: 6535
H62: بيع | I62: ايوب | K62: 183 | L62: ='10-04'!$K62+('10-04'!$J62/90) -> 183
H63: بيع | I63: صياي + ايزي | J63: 400 | L63: ='10-04'!$K63+('10-04'!$J63/90) -> 4.4444444
H64: بيع | I64: سبراي صدا | J64: 250 | L64: ='10-04'!$K64+('10-04'!$J64/90) -> 2.7777778
H65: بيع | J65: 80 | L65: ='10-04'!$K65+('10-04'!$J65/90) -> 0.88888889
H66: بيع | I66: خلاط | J66: 100 | K66: 25 | L66: ='10-04'!$K66+('10-04'!$J66/90) -> 26.111111
H67: بيع | I67: فرع غسالة | K67: 10 | L67: ='10-04'!$K67+('10-04'!$J67/90) -> 10
H68: بيع | I68: صباب 1/4 1 | J68: 225 | L68: ='10-04'!$K68+('10-04'!$J68/90) -> 2.5
H69: بيع | I69: خلاط | K69: 18 | L69: ='10-04'!$K69+('10-04'!$J69/90) -> 18
H70: بيع | I70: قلب خلاط | K70: 1 | L70: ='10-04'!$K70+('10-04'!$J70/90) -> 1
H71: بيع | I71: احمد الديري | J71: 250 | L71: ='10-04'!$K71+('10-04'!$J71/90) -> 2.7777778
H72: بيع | I72: ابو الحسن | J72: 200 | K72: 5 | L72: ='10-04'!$K72+('10-04'!$J72/90) -> 7.2222222
H73: بيع | I73: مغسلة | J73: 100 | K73: 27 | L73: ='10-04'!$K73+('10-04'!$J73/90) -> 28.111111
H74: بيع | I74: حصر | J74: 50 | L74: ='10-04'!$K74+('10-04'!$J74/90) -> 0.55555556
H75: بيع | I75: سيليوكن براغي | K75: 2 | L75: ='10-04'!$K75+('10-04'!$J75/90) -> 2
H76: بيع | I76: مصطفى | J76: 130 | K76: 5 | L76: ='10-04'!$K76+('10-04'!$J76/90) -> 6.4444444
H77: بيع | I77: مصطفى | J77: -150 | L77: ='10-04'!$K77+('10-04'!$J77/90) -> -1.6666667
H78: بيع | I78: غطاء سومو | K78: 9 | L78: ='10-04'!$K78+('10-04'!$J78/90) -> 9
H79: بيع | I79: زريق | K79: 200 | L79: ='10-04'!$K79+('10-04'!$J79/90) -> 200
H80: بيع | I80: عبود | J80: -200 | K80: 5 | L80: ='10-04'!$K80+('10-04'!$J80/90) -> 2.7777778
H81: بيع | I81: عبود | J81: -120 | K81: 35 | L81: ='10-04'!$K81+('10-04'!$J81/90) -> 33.666667
H82: بيع | I82: عبود | K82: -20 | L82: ='10-04'!$K82+('10-04'!$J82/90) -> -20
H83: بيع | J83: 220 | L83: ='10-04'!$K83+('10-04'!$J83/90) -> 2.4444444
H84: بيع | J84: 50 | L84: ='10-04'!$K84+('10-04'!$J84/90) -> 0.55555556
H85: بيع | I85: زياد عبد اللطيف | K85: 30 | L85: ='10-04'!$K85+('10-04'!$J85/90) -> 30
H86: بيع | I86: ابو علي زريق | K86: 100 | L86: ='10-04'!$K86+('10-04'!$J86/90) -> 100
H87: مصاريف | I87: ماي | J87: -70 | L87: ='10-04'!$K87+('10-04'!$J87/90) -> -0.77777778
H88: بيع | I88: تفلون | J88: 70 | L88: ='10-04'!$K88+('10-04'!$J88/90) -> 0.77777778
H89: بيع | I89: فرق مسكة | J89: 100 | L89: ='10-04'!$K89+('10-04'!$J89/90) -> 1.1111111
H90: بيع | I90: عماد الصالحاني | K90: 200 | L90: ='10-04'!$K90+('10-04'!$J90/90) -> 200
H91: بيع | I91: خالد ابو الدقن | J91: -240 | K91: 10 | L91: ='10-04'!$K91+('10-04'!$J91/90) -> 7.3333333
H92: بيع | K92: 10 | L92: ='10-04'!$K92+('10-04'!$J92/90) -> 10
H93: بيع | I93: اكسسوار | J93: -200 | K93: 30 | L93: ='10-04'!$K93+('10-04'!$J93/90) -> 27.777778
H94: بيع | K94: 9 | L94: ='10-04'!$K94+('10-04'!$J94/90) -> 9
H95: بيع | J95: 80 | L95: ='10-04'!$K95+('10-04'!$J95/90) -> 0.88888889
H96: بيع | I96: كهرباء | J96: 240 | L96: ='10-04'!$K96+('10-04'!$J96/90) -> 2.6666667
H97: بيع | J97: 200 | L97: ='10-04'!$K97+('10-04'!$J97/90) -> 2.2222222
H98: بيع | I98: احمد الموسى | J98: 400 | K98: 10 | L98: ='10-04'!$K98+('10-04'!$J98/90) -> 14.444444
H99: بيع | J99: 400 | L99: ='10-04'!$K99+('10-04'!$J99/90) -> 4.4444444
H100: بيع | I100: ماء | J100: 20 | L100: ='10-04'!$K100+('10-04'!$J100/90) -> 0.22222222
...

Sheet 11-04
I1: حركة الصندوق | J1: =SUM(J3:J18) -> -220 | K1: =SUM(K3:K18) -> 40 | L1: =SUM(L3:L18) -> 37.555556
H2: العملية | I2: البيان | J2: اللبناني | K2: الدولار | L2: مبيع $
H3: بيع | I3: شطافة | J3: 100 | L3: =K3+(J3/90) -> 1.1111111
H4: بيع | I4: سبراي صدا | J4: 200 | L4: =K4+(J4/90) -> 2.2222222
H5: بيع | I5: اندركود | J5: 350 | L5: =K5+(J5/90) -> 3.8888889
H6: مصاريف | I6: بنزين | J6: -300 | L6: =K6+(J6/90) -> -3.3333333
H7: بيع | I7: ريشة سهم | K7: 5 | L7: =K7+(J7/90) -> 5
H8: بيع | I8: ابو حسين | J8: -400 | K8: 35 | L8: =K8+(J8/90) -> 30.555556
H9: بيع | I9: مرتجع | J9: -170 | L9: =K9+(J9/90) -> -1.8888889
H10: بيع | L10: =K10+(J10/90) -> 0
H11: بيع | L11: =K11+(J11/90) -> 0
H12: بيع | L12: =K12+(J12/90) -> 0
H13: بيع | L13: =K13+(J13/90) -> 0
H14: بيع | L14: =K14+(J14/90) -> 0
H15: بيع | L15: =K15+(J15/90) -> 0
H16: بيع | L16: =K16+(J16/90) -> 0
H17: بيع | L17: =K17+(J17/90) -> 0
A18: رصيد قديم من تاريخ | H18: بيع | L18: =K18+(J18/90) -> 0
A19: 10-04
A20: جرد اول النهار | I20: حركة الصندوق | J20: =SUM('11-04'!$J$22:$J$129) -> 2335 | K20: =SUM('11-04'!$K$22:$K$129) -> -90 | L20: =SUM('11-04'!$L$22:$L$129) -> -64.055556 | N20: جرد اخر النهار
A21: الفئة دولار | B21: العدد | C21: المجموع | D21: الفئة لبناني | E21: العدد | F21: المجموع | H21: العملية | I21: البيان | J21: اللبناني | K21: الدولار | L21: مبيع $ | N21: الفئة دولار | O21: العدد | P21: المجموع | Q21: الفئة لبناني | R21: العدد | S21: المجموع
A22: 1 | B22: 1 | C22: =A22*B22 -> 1 | D22: 5 | E22: 34 | F22: =D22*E22 -> 170 | H22: بيع | I22: غطايين ومجموعة شطافة | K22: 60 | L22: ='11-04'!$K22+('11-04'!$J22/90) -> 60 | N22: 1 | O22: 5 | P22: =N22*O22 -> 5 | Q22: 5 | R22: 35 | S22: =Q22*R22 -> 175
A23: 5 | B23: 3 | C23: =A23*B23 -> 15 | D23: 10 | E23: 24 | F23: =D23*E23 -> 240 | H23: سحب | I23: جبر | K23: -20 | L23: ='11-04'!$K23+('11-04'!$J23/90) -> -20 | N23: 5 | P23: =N23*O23 -> 0 | Q23: 10 | R23: 19 | S23: =Q23*R23 -> 190
A24: 10 | B24: 30 | C24: =A24*B24 -> 300 | D24: 20 | E24: 17 | F24: =D24*E24 -> 340 | H24: بيع | I24: احمد 3 | K24: 10 | L24: ='11-04'!$K24+('11-04'!$J24/90) -> 10 | N24: 10 | O24: 37 | P24: =N24*O24 -> 370 | Q24: 20 | R24: 15 | S24: =Q24*R24 -> 300
A25: 20 | B25: 37 | C25: =A25*B25 -> 740 | D25: 50 | E25: 2 | F25: =D25*E25 -> 100 | H25: بيع | I25: عمر فحام | K25: 69 | L25: ='11-04'!$K25+('11-04'!$J25/90) -> 69 | N25: 20 | O25: 35 | P25: =N25*O25 -> 700 | Q25: 50 | R25: 1 | S25: =Q25*R25 -> 50
A26: 50 | B26: 2 | C26: =A26*B26 -> 100 | D26: 100 | E26: 41 | F26: =D26*E26 -> 4100 | H26: بيع | I26: عباس | K26: 83 | L26: ='11-04'!$K26+('11-04'!$J26/90) -> 83 | N26: 50 | O26: 7 | P26: =N26*O26 -> 350 | Q26: 100 | R26: 188 | S26: =Q26*R26 -> 18800
A27: 100 | C27: =A27*B27 -> 0 | D27: المجموع | F27: =SUM(F22:F26) -> 4950 | H27: بيع | I27: رندال | J27: 100 | L27: ='11-04'!$K27+('11-04'!$J27/90) -> 1.1111111 | N27: 100 | O27: 17 | P27: =N27*O27 -> 1700 | Q27: المجموع | S27: =SUM(S22:S26) -> 19515
A28: المجموع | C28: =SUM(C22:C27) -> 1156 | H28: بيع | I28: غراء | J28: 200 | L28: ='11-04'!$K28+('11-04'!$J28/90) -> 2.2222222 | N28: المجموع | P28: =SUM(P22:P27) -> 3125
B29: 0 | D29: حركة الصندوق ل.ل | F29: {=INDIRECT("'"&$A$19&"'!J20")+J1} -> -1545 | H29: بيع | I29: موتير ليو حصان | K29: 64 | L29: ='11-04'!$K29+('11-04'!$J29/90) -> 64 | Q29: حركة الصندوق ل.ل | S29: =SUM('11-04'!$J$22:$J$129) -> 2335
A30: حركة الصندوق $ | C30: {=INDIRECT("'"&$A$19&"'!K20")+K1} -> 92 | H30: بيع | I30: طابة كهرباء | J30: 630 | L30: ='11-04'!$K30+('11-04'!$J30/90) -> 7 | N30: حركة الصندوق $ | P30: =SUM('11-04'!$K$22:$K$129) -> -90
D31: الفرق | F31: {=F27-F29-INDIRECT("'"&$A$19&"'!f27")} -> 0 | H31: سحب | I31: للحاج بيد حسام | K31: -40 | L31: ='11-04'!$K31+('11-04'!$J31/90) -> -40 | Q31: الفرق | S31: =S27-S29-F27 -> 12230
A32: الفرق | C32: {=C28-C30-INDIRECT("'"&$A$19&"'!c28")} -> 0 | H32: سحب | I32: للحاج بيد ابراهيم | K32: -40 | L32: ='11-04'!$K32+('11-04'!$J32/90) -> -40 | N32: الفرق | P32: =P28-P30-C28 -> 2059
H33: بيع | J33: 350 | L33: ='11-04'!$K33+('11-04'!$J33/90) -> 3.8888889
H34: بيع | I34: ورق حف | J34: 120 | L34: ='11-04'!$K34+('11-04'!$J34/90) -> 1.3333333
H35: بيع | I35: مصفاية | J35: 100 | L35: ='11-04'!$K35+('11-04'!$J35/90) -> 1.1111111
H36: بيع | I36: لقط | J36: -450 | K36: 10 | L36: ='11-04'!$K36+('11-04'!$J36/90) -> 5
H37: بيع | I37: خلاط | K37: 35 | L37: ='11-04'!$K37+('11-04'!$J37/90) -> 35
H38: بيع | I38: صباب مغسلة وسيليكون | J38: 400 | L38: ='11-04'!$K38+('11-04'!$J38/90) -> 4.4444444
H39: بيع | I39: طابة وسيلكون | K39: 20 | L39: ='11-04'!$K39+('11-04'!$J39/90) -> 20
H40: بيع | I40: فرق سدة | J40: 50 | L40: ='11-04'!$K40+('11-04'!$J40/90) -> 0.55555556
H41: بيع | I41: محمد فواز باكس+ركورات | J41: -200 | K41: 10 | L41: ='11-04'!$K41+('11-04'!$J41/90) -> 7.7777778
H42: بيع | I42: صباب | J42: 130 | L42: ='11-04'!$K42+('11-04'!$J42/90) -> 1.4444444
H43: بيع | I43: شيخ جميل ترجمان | J43: 8300 | L43: ='11-04'!$K43+('11-04'!$J43/90) -> 92.222222
H44: بيع | I44: رزيستنس 800 فدار | J44: 720 | L44: ='11-04'!$K44+('11-04'!$J44/90) -> 8
H45: بيع | I45: خالد ابو الدقن | K45: 2 | L45: ='11-04'!$K45+('11-04'!$J45/90) -> 2
H46: بيع | I46: تلزيق | J46: 400 | L46: ='11-04'!$K46+('11-04'!$J46/90) -> 4.4444444
H47: بيع | I47: احمد القيسي | K47: 45 | L47: ='11-04'!$K47+('11-04'!$J47/90) -> 45
H48: بيع | I48: كوع ذكر | J48: 50 | L48: ='11-04'!$K48+('11-04'!$J48/90) -> 0.55555556
H49: بيع | I49: عبد الشيخ | K49: 100 | L49: ='11-04'!$K49+('11-04'!$J49/90) -> 100
H50: سحب | I50: مع الحاج | K50: -100 | L50: ='11-04'!$K50+('11-04'!$J50/90) -> -100
H51: بيع | I51: فاتورة مع الحاج | K51: 2075 | L51: ='11-04'!$K51+('11-04'!$J51/90) -> 2075
H52: سحب | I52: مع الحاج | K52: -2075 | L52: ='11-04'!$K52+('11-04'!$J52/90) -> -2075 | N52: مطابق | P52: 308 | S52: 10900
H53: بيع | I53: حجر + ترابة ورمل | K53: 70 | L53: ='11-04'!$K53+('11-04'!$J53/90) -> 70
H54: بيع | I54: عنق | J54: 120 | L54: ='11-04'!$K54+('11-04'!$J54/90) -> 1.3333333
H55: بيع | I55: فاتورة | K55: 142 | L55: ='11-04'!$K55+('11-04'!$J55/90) -> 142
H56: بيع | J56: 270 | L56: ='11-04'!$K56+('11-04'!$J56/90) -> 3
H57: بيع | I57: أبو علي | J57: -300 | K57: 20 | L57: ='11-04'!$K57+('11-04'!$J57/90) -> 16.666667
H58: بيع | I58: حبلي | K58: 100 | L58: ='11-04'!$K58+('11-04'!$J58/90) -> 100
H59: بيع | I59: إبراهيم - كرسي | K59: -40 | L59: ='11-04'!$K59+('11-04'!$J59/90) -> -40
H60: بيع | J60: 250 | L60: ='11-04'!$K60+('11-04'!$J60/90) -> 2.7777778
H61: بيع | I61: بريمو | K61: 20 | L61: ='11-04'!$K61+('11-04'!$J61/90) -> 20
H62: بيع | I62: أبو حسن | K62: 42 | L62: ='11-04'!$K62+('11-04'!$J62/90) -> 42
H63: بيع | J63: -230 | K63: 5 | L63: ='11-04'!$K63+('11-04'!$J63/90) -> 2.4444444
H64: بيع | I64: خالد | J64: 230 | L64: ='11-04'!$K64+('11-04'!$J64/90) -> 2.5555556
H65: بيع | J65: 50 | L65: ='11-04'!$K65+('11-04'!$J65/90) -> 0.55555556
H66: بيع | I66: من إبراهيم كرسي | K66: 100 | L66: ='11-04'!$K66+('11-04'!$J66/90) -> 100
H67: بيع | I67: محمد تركية | K67: 130 | L67: ='11-04'!$K67+('11-04'!$J67/90) -> 130
H68: بيع | I68: محمد تركية | J68: 200 | L68: ='11-04'!$K68+('11-04'!$J68/90) -> 2.2222222
H69: بيع | J69: 450 | L69: ='11-04'!$K69+('11-04'!$J69/90) -> 5
H70: بيع | I70: باقي ميوركس | J70: 25 | L70: ='11-04'!$K70+('11-04'!$J70/90) -> 0.27777778
H71: بيع | I71: سوناكس | J71: 200 | L71: ='11-04'!$K71+('11-04'!$J71/90) -> 2.2222222
H72: بيع | I72: خلاط مرخم | K72: 19 | L72: ='11-04'!$K72+('11-04'!$J72/90) -> 19
H73: بيع | I73: مسكة شطافة | J73: -300 | K73: 10 | L73: ='11-04'!$K73+('11-04'!$J73/90) -> 6.6666667
H74: بيع | I74: رمل | J74: 60 | L74: ='11-04'!$K74+('11-04'!$J74/90) -> 0.66666667
H75: بيع | I75: أبو هادي | J75: 700 | L75: ='11-04'!$K75+('11-04'!$J75/90) -> 7.7777778
H76: بيع | I76: أبو هادي | J76: 600 | L76: ='11-04'!$K76+('11-04'!$J76/90) -> 6.6666667
H77: بيع | I77: رمل | J77: 600 | L77: ='11-04'!$K77+('11-04'!$J77/90) -> 6.6666667
H78: بيع | I78: سليمان تركية | K78: 200 | L78: ='11-04'!$K78+('11-04'!$J78/90) -> 200
H79: بيع | J79: -150 | K79: 5 | L79: ='11-04'!$K79+('11-04'!$J79/90) -> 3.3333333
H80: بيع | I80: الجزائري | K80: 200 | L80: ='11-04'!$K80+('11-04'!$J80/90) -> 200
H81: بيع | I81: دلاية وقفل وغطاء | J81: 250 | K81: 20 | L81: ='11-04'!$K81+('11-04'!$J81/90) -> 22.777778
H82: بيع | J82: 180 | L82: ='11-04'!$K82+('11-04'!$J82/90) -> 2
H83: بيع | I83: غالون طرش | J83: -100 | K83: 10 | L83: ='11-04'!$K83+('11-04'!$J83/90) -> 8.8888889
H84: مصاريف | I84: قهوة زهرة | J84: -60 | L84: ='11-04'!$K84+('11-04'!$J84/90) -> -0.66666667
H85: بيع | I85: أبو حسن | K85: 85 | L85: ='11-04'!$K85+('11-04'!$J85/90) -> 85
H86: بيع | I86: أبو طارق الحرير | K86: 60 | L86: ='11-04'!$K86+('11-04'!$J86/90) -> 60
H87: بيع | I87: رزيستنس | J87: 90 | K87: 10 | L87: ='11-04'!$K87+('11-04'!$J87/90) -> 11
H88: بيع | I88: ايزي+ديسك | J88: -400 | K88: 10 | L88: ='11-04'!$K88+('11-04'!$J88/90) -> 5.5555556
H89: بيع | J89: 300 | L89: ='11-04'!$K89+('11-04'!$J89/90) -> 3.3333333
H90: بيع | J90: 900 | L90: ='11-04'!$K90+('11-04'!$J90/90) -> 10
H91: بيع | I91: عبد | K91: 253 | L91: ='11-04'!$K91+('11-04'!$J91/90) -> 253
H92: بيع | I92: محمود سلامة | K92: 100 | L92: ='11-04'!$K92+('11-04'!$J92/90) -> 100
H93: بيع | I93: محمود سلامة | J93: 180 | K93: 10 | L93: ='11-04'!$K93+('11-04'!$J93/90) -> 12
H94: بيع | I94: عبد | K94: 5 | L94: ='11-04'!$K94+('11-04'!$J94/90) -> 5
H95: بيع | I95: عدي | K95: 4 | L95: ='11-04'!$K95+('11-04'!$J95/90) -> 4
H96: بيع | I96: طابة عيتاني | K96: 33 | L96: ='11-04'!$K96+('11-04'!$J96/90) -> 33
H97: بيع | I97: رزيستنس | K97: 7 | L97: ='11-04'!$K97+('11-04'!$J97/90) -> 7
H98: بيع | I98: عبد | K98: 5 | L98: ='11-04'!$K98+('11-04'!$J98/90) -> 5
H99: بيع | I99: نربيج شك | J99: -450 | K99: 10 | L99: ='11-04'!$K99+('11-04'!$J99/90) -> 5
H100: بيع | I100: مطابقة | K100: 16 | L100: ='11-04'!$K100+('11-04'!$J100/90) -> 16
...

Sheet 13-04
I1: حركة الصندوق | J1: =SUM(J3:J18) -> 920 | K1: =SUM(K3:K18) -> 7 | L1: =SUM(L3:L18) -> 17.222222
H2: العملية | I2: البيان | J2: اللبناني | K2: الدولار | L2: مبيع $
H3: بيع | I3: مع الحاج | K3: 45 | L3: =K3+(J3/90) -> 45
H4: سحب | I4: مع الحاج | K4: -45 | L4: =K4+(J4/90) -> -45
H5: بيع | I5: بويا كيلو | K5: 7 | L5: =K5+(J5/90) -> 7
H6: بيع | I6: سكر ايطالي | J6: 500 | L6: =K6+(J6/90) -> 5.5555556
H7: بيع | J7: 120 | L7: =K7+(J7/90) -> 1.3333333
H8: بيع | I8: سكر زاوية | J8: 300 | L8: =K8+(J8/90) -> 3.3333333
H9: بيع | L9: =K9+(J9/90) -> 0
H10: بيع | L10: =K10+(J10/90) -> 0
H11: بيع | L11: =K11+(J11/90) -> 0
H12: بيع | L12: =K12+(J12/90) -> 0
H13: بيع | L13: =K13+(J13/90) -> 0
H14: بيع | L14: =K14+(J14/90) -> 0
H15: بيع | L15: =K15+(J15/90) -> 0
H16: بيع | L16: =K16+(J16/90) -> 0
H17: بيع | L17: =K17+(J17/90) -> 0
A18: رصيد قديم من تاريخ | H18: بيع | L18: =K18+(J18/90) -> 0
A19: 11-04
A20: جرد اول النهار | I20: حركة الصندوق | J20: =SUM('13-04'!$J$22:$J$137) -> -4090 | K20: =SUM('13-04'!$K$22:$K$137) -> -68 | L20: =SUM('13-04'!$L$22:$L$137) -> -113.44444 | N20: جرد اخر النهار
A21: الفئة دولار | B21: العدد | C21: المجموع | D21: الفئة لبناني | E21: العدد | F21: المجموع | H21: العملية | I21: البيان | J21: اللبناني | K21: الدولار | L21: مبيع $ | N21: الفئة دولار | O21: العدد | P21: المجموع | Q21: الفئة لبناني | R21: العدد | S21: المجموع
A22: 1 | B22: 3 | C22: =A22*B22 -> 3 | D22: 5 | E22: 35 | F22: =D22*E22 -> 175 | H22: بيع | I22: عبد | K22: 10 | L22: ='13-04'!$K22+('13-04'!$J22/90) -> 10 | N22: 1 | P22: =N22*O22 -> 0 | Q22: 5 | R22: 31 | S22: =Q22*R22 -> 155
A23: 5 | B23: 2 | C23: =A23*B23 -> 10 | D23: 10 | E23: 14 | F23: =D23*E23 -> 140 | H23: بيع | I23: قلب | J23: 100 | L23: ='13-04'!$K23+('13-04'!$J23/90) -> 1.1111111 | N23: 5 | O23: 1 | P23: =N23*O23 -> 5 | Q23: 10 | R23: 6 | S23: =Q23*R23 -> 60
A24: 10 | B24: 38 | C24: =A24*B24 -> 380 | D24: 20 | E24: 17 | F24: =D24*E24 -> 340 | H24: بيع | J24: -450 | K24: 5 | L24: ='13-04'!$K24+('13-04'!$J24/90) -> 0 | N24: 10 | O24: 48 | P24: =N24*O24 -> 480 | Q24: 20 | R24: 1 | S24: =Q24*R24 -> 20
A25: 20 | B25: 34 | C25: =A25*B25 -> 680 | D25: 50 | E25: 1 | F25: =D25*E25 -> 50 | H25: بيع | I25: مجموعتين شطافة | K25: 8 | L25: ='13-04'!$K25+('13-04'!$J25/90) -> 8 | N25: 20 | O25: 32 | P25: =N25*O25 -> 640 | Q25: 50 | R25: 1 | S25: =Q25*R25 -> 50
A26: 50 | C26: =A26*B26 -> 0 | D26: 100 | E26: 75 | F26: =D26*E26 -> 7500 | H26: بيع | I26: موتير ليو | J26: -180 | K26: 65 | L26: ='13-04'!$K26+('13-04'!$J26/90) -> 63 | N26: 50 | O26: 7 | P26: =N26*O26 -> 350 | Q26: 100 | R26: 69 | S26: =Q26*R26 -> 6900
A27: 100 | C27: =A27*B27 -> 0 | D27: المجموع | F27: =SUM(F22:F26) -> 8205 | H27: بيع | I27: غاندي | J27: 50 | K27: 222 | L27: ='13-04'!$K27+('13-04'!$J27/90) -> 222.55556 | N27: 100 | O27: 13 | P27: =N27*O27 -> 1300 | Q27: المجموع | S27: =SUM(S22:S26) -> 7185
A28: المجموع | C28: =SUM(C22:C27) -> 1073 | H28: بيع | I28: غال تنزيل | J28: -360 | K28: 20 | L28: ='13-04'!$K28+('13-04'!$J28/90) -> 16 | N28: المجموع | P28: =SUM(P22:P27) -> 2775
B29: 0 | D29: حركة الصندوق ل.ل | F29: {=INDIRECT("'"&$A$19&"'!J20")+J1} -> 3255 | H29: بيع | I29: سيليكون | J29: 370 | L29: ='13-04'!$K29+('13-04'!$J29/90) -> 4.1111111 | Q29: حركة الصندوق ل.ل | S29: =SUM('13-04'!$J$22:$J$137) -> -4090
A30: حركة الصندوق $ | C30: {=INDIRECT("'"&$A$19&"'!K20")+K1} -> -83 | H30: بيع | I30: اكسسوار | J30: -200 | K30: 10 | L30: ='13-04'!$K30+('13-04'!$J30/90) -> 7.7777778 | N30: حركة الصندوق $ | P30: =SUM('13-04'!$K$22:$K$137) -> -68
D31: الفرق | F31: {=F27-F29-INDIRECT("'"&$A$19&"'!f27")} -> 0 | H31: بيع | I31: احمد 3 | J31: 135 | K31: 10 | L31: ='13-04'!$K31+('13-04'!$J31/90) -> 11.5 | Q31: الفرق | S31: =S27-S29-F27 -> 3070
A32: الفرق | C32: {=C28-C30-INDIRECT("'"&$A$19&"'!c28")} -> 0 | H32: سحب | I32: للحاج | K32: -30 | L32: ='13-04'!$K32+('13-04'!$J32/90) -> -30 | N32: الفرق | P32: =P28-P30-C28 -> 1770
H33: بيع | K33: 4 | L33: ='13-04'!$K33+('13-04'!$J33/90) -> 4
H34: بيع | J34: 300 | L34: ='13-04'!$K34+('13-04'!$J34/90) -> 3.3333333
H35: بيع | J35: -135 | K35: 15 | L35: ='13-04'!$K35+('13-04'!$J35/90) -> 13.5
H36: بيع | I36: دفاش | K36: 40 | L36: ='13-04'!$K36+('13-04'!$J36/90) -> 40
H37: بيع | I37: ايبو | J37: -200 | K37: 10 | L37: ='13-04'!$K37+('13-04'!$J37/90) -> 7.7777778
H38: بيع | I38: متر | J38: -270 | K38: 5 | L38: ='13-04'!$K38+('13-04'!$J38/90) -> 2
H39: بيع | I39: حافظة | J39: 100 | L39: ='13-04'!$K39+('13-04'!$J39/90) -> 1.1111111
H40: بيع | J40: -135 | K40: 25 | L40: ='13-04'!$K40+('13-04'!$J40/90) -> 23.5
H41: بيع | I41: طلبية | J41: -630 | K41: 160 | L41: ='13-04'!$K41+('13-04'!$J41/90) -> 153
H42: بيع | I42: حنفية | J42: 350 | L42: ='13-04'!$K42+('13-04'!$J42/90) -> 3.8888889
H43: بيع | J43: -50 | K43: 5 | L43: ='13-04'!$K43+('13-04'!$J43/90) -> 4.4444444
H44: بيع | I44: زراعي | K44: 10 | L44: ='13-04'!$K44+('13-04'!$J44/90) -> 10
H45: بيع | I45: ابو هادي | K45: 163 | L45: ='13-04'!$K45+('13-04'!$J45/90) -> 163
H46: بيع | I46: فرق سكر انكستريه | K46: 13 | L46: ='13-04'!$K46+('13-04'!$J46/90) -> 13
H47: بيع | I47: جوزة | J47: -50 | K47: 5 | L47: ='13-04'!$K47+('13-04'!$J47/90) -> 4.4444444
H48: بيع | I48: طابة كهرباء 2 | J48: 350 | K48: 10 | L48: ='13-04'!$K48+('13-04'!$J48/90) -> 13.888889
H49: بيع | I49: نقدي | J49: 550 | L49: ='13-04'!$K49+('13-04'!$J49/90) -> 6.1111111
H50: بيع | I50: م. شطافة ودوش | K50: 9 | L50: ='13-04'!$K50+('13-04'!$J50/90) -> 9
H51: بيع | I51: عبود | K51: 14 | L51: ='13-04'!$K51+('13-04'!$J51/90) -> 14
H52: بيع | I52: ايزي | J52: 60 | K52: 10 | L52: ='13-04'!$K52+('13-04'!$J52/90) -> 10.666667
H53: بيع | I53: خالد ابو الدقن | J53: -30 | K53: 5 | L53: ='13-04'!$K53+('13-04'!$J53/90) -> 4.6666667
H54: بيع | K54: 4 | L54: ='13-04'!$K54+('13-04'!$J54/90) -> 4
H55: بيع | K55: 5 | L55: ='13-04'!$K55+('13-04'!$J55/90) -> 5
H56: بيع | I56: من الحاج | K56: 200 | L56: ='13-04'!$K56+('13-04'!$J56/90) -> 200
H57: بيع | I57: احمد حبلى | K57: 90 | L57: ='13-04'!$K57+('13-04'!$J57/90) -> 90
H58: بيع | I58: رزيستنس | J58: 90 | K58: 11 | L58: ='13-04'!$K58+('13-04'!$J58/90) -> 12
H59: جملة | I59: ابو عبد الله | K59: 70 | L59: ='13-04'!$K59+('13-04'!$J59/90) -> 70
H60: بيع | K60: 18 | L60: ='13-04'!$K60+('13-04'!$J60/90) -> 18
H61: بيع | I61: ترابة | J61: -400 | K61: 5 | L61: ='13-04'!$K61+('13-04'!$J61/90) -> 0.55555556
H62: بيع | I62: مرتجع | J62: -315 | K62: -5 | L62: ='13-04'!$K62+('13-04'!$J62/90) -> -8.5
H63: بيع | I63: عماد عجم | K63: 35 | L63: ='13-04'!$K63+('13-04'!$J63/90) -> 35
H64: بيع | I64: مسكة خلاط | J64: -180 | K64: 5 | L64: ='13-04'!$K64+('13-04'!$J64/90) -> 3
H65: بيع | J65: 400 | L65: ='13-04'!$K65+('13-04'!$J65/90) -> 4.4444444
H66: بيع | J66: 20 | K66: 1 | L66: ='13-04'!$K66+('13-04'!$J66/90) -> 1.2222222
H67: بيع | I67: كرسي | K67: 308 | L67: ='13-04'!$K67+('13-04'!$J67/90) -> 308
H68: بيع | I68: اغطية ومجموعات شطافة | K68: 65 | L68: ='13-04'!$K68+('13-04'!$J68/90) -> 65
H69: بيع | I69: طابة عدة غروهي | K69: 25 | L69: ='13-04'!$K69+('13-04'!$J69/90) -> 25
H70: بيع | I70: مطابقة دولار | K70: 7 | L70: ='13-04'!$K70+('13-04'!$J70/90) -> 7 | N70: مطابق دولار
H71: بيع | I71: اغراض باكس | K71: 8 | L71: ='13-04'!$K71+('13-04'!$J71/90) -> 8
H72: بيع | I72: طابة غروهي | J72: -300 | K72: 27 | L72: ='13-04'!$K72+('13-04'!$J72/90) -> 23.666667
H73: بيع | I73: مطابقة لبناني | J73: -360 | L73: ='13-04'!$K73+('13-04'!$J73/90) -> -4 | N73: مطابق لبناني
H74: بيع | I74: قنينة سوداء | J74: 350 | L74: ='13-04'!$K74+('13-04'!$J74/90) -> 3.8888889 | N74: مطابق | P74: 2755 | S74: 7185
H75: بيع | I75: كاتو | J75: 190 | L75: ='13-04'!$K75+('13-04'!$J75/90) -> 2.1111111
H76: بيع | I76: سبراي | J76: 300 | L76: ='13-04'!$K76+('13-04'!$J76/90) -> 3.3333333
H77: بيع | I77: ايزي وصباب | J77: 345 | L77: ='13-04'!$K77+('13-04'!$J77/90) -> 3.8333333
H78: بيع | I78: بلال طابة غروهي | K78: 50 | L78: ='13-04'!$K78+('13-04'!$J78/90) -> 50
H79: بيع | I79: ناصر | J79: -200 | K79: 75 | L79: ='13-04'!$K79+('13-04'!$J79/90) -> 72.777778
H80: بيع | J80: 450 | L80: ='13-04'!$K80+('13-04'!$J80/90) -> 5
H81: بيع | I81: عدة | J81: -450 | K81: 10 | L81: ='13-04'!$K81+('13-04'!$J81/90) -> 5
H82: بيع | I82: خزان | J82: -450 | K82: 30 | L82: ='13-04'!$K82+('13-04'!$J82/90) -> 25
H83: بيع | I83: بوكس | K83: 40 | L83: ='13-04'!$K83+('13-04'!$J83/90) -> 40
H84: بيع | I84: احمد القيسي | J84: 180 | L84: ='13-04'!$K84+('13-04'!$J84/90) -> 2
H85: سحب | I85: حاج | K85: -20 | L85: ='13-04'!$K85+('13-04'!$J85/90) -> -20
H86: بيع | J86: 220 | L86: ='13-04'!$K86+('13-04'!$J86/90) -> 2.4444444
H87: بيع | J87: 100 | L87: ='13-04'!$K87+('13-04'!$J87/90) -> 1.1111111
H88: بيع | I88: بلاستيك | J88: 200 | L88: ='13-04'!$K88+('13-04'!$J88/90) -> 2.2222222
H89: بيع | I89: بلاستيك | K89: 22 | L89: ='13-04'!$K89+('13-04'!$J89/90) -> 22
H90: بيع | I90: مسكة خلاط | J90: 200 | K90: 10 | L90: ='13-04'!$K90+('13-04'!$J90/90) -> 12.222222
H91: بيع | I91: محمود سلامة | K91: 100 | L91: ='13-04'!$K91+('13-04'!$J91/90) -> 100
H92: بيع | I92: نحاته | J92: 300 | L92: ='13-04'!$K92+('13-04'!$J92/90) -> 3.3333333
H93: مصاريف | I93: تصليح دولاب | J93: -200 | L93: ='13-04'!$K93+('13-04'!$J93/90) -> -2.2222222
H94: بيع | I94: أبو هيثم رول+فرشاية | J94: -675 | K94: 10 | L94: ='13-04'!$K94+('13-04'!$J94/90) -> 2.5
H95: بيع | I95: سبراي | J95: 150 | L95: ='13-04'!$K95+('13-04'!$J95/90) -> 1.6666667
H96: بيع | I96: احمد القيسي | J96: 340 | K96: 5 | L96: ='13-04'!$K96+('13-04'!$J96/90) -> 8.7777778
H97: بيع | J97: -50 | K97: 1 | L97: ='13-04'!$K97+('13-04'!$J97/90) -> 0.44444444
H98: بيع | I98: نياغرا | K98: 38 | L98: ='13-04'!$K98+('13-04'!$J98/90) -> 38
H99: بيع | J99: 120 | L99: ='13-04'!$K99+('13-04'!$J99/90) -> 1.3333333
H100: بيع | I100: طابة | J100: -50 | K100: 5 | L100: ='13-04'!$K100+('13-04'!$J100/90) -> 4.4444444
...

Sheet 14-04
I1: حركة الصندوق | J1: =SUM(J3:J18) -> 290 | K1: =SUM(K3:K18) -> 50 | L1: =SUM(L3:L18) -> 53.222222
H2: العملية | I2: البيان | J2: اللبناني | K2: الدولار | L2: مبيع $
H3: مصاريف | I3: كبايات | J3: -125 | L3: =K3+(J3/90) -> -1.3888889
H4: بيع | I4: سيليكون | J4: 350 | L4: =K4+(J4/90) -> 3.8888889
H5: بيع | I5: نبيل جلول | J5: -100 | K5: 50 | L5: =K5+(J5/90) -> 48.888889
H6: بيع | I6: سكر زاوية | J6: 210 | L6: =K6+(J6/90) -> 2.3333333
H7: بيع | I7: مطابقة | J7: -45 | L7: =K7+(J7/90) -> -0.5
H8: بيع | L8: =K8+(J8/90) -> 0
H9: بيع | L9: =K9+(J9/90) -> 0
H10: بيع | L10: =K10+(J10/90) -> 0
H11: بيع | L11: =K11+(J11/90) -> 0
H12: بيع | L12: =K12+(J12/90) -> 0
H13: بيع | L13: =K13+(J13/90) -> 0
H14: بيع | L14: =K14+(J14/90) -> 0
H15: بيع | L15: =K15+(J15/90) -> 0
H16: بيع | L16: =K16+(J16/90) -> 0
H17: بيع | L17: =K17+(J17/90) -> 0
A18: رصيد قديم من تاريخ | H18: بيع | L18: =K18+(J18/90) -> 0
A19: 13-04
A20: جرد اول النهار | I20: حركة الصندوق | J20: =SUM('14-04'!$J$22:$J$135) -> -240 | K20: =SUM('14-04'!$K$22:$K$135) -> 185 | L20: =SUM('14-04'!$L$22:$L$135) -> 182.33333 | N20: جرد اخر النهار
A21: الفئة دولار | B21: العدد | C21: المجموع | D21: الفئة لبناني | E21: العدد | F21: المجموع | H21: العملية | I21: البيان | J21: اللبناني | K21: الدولار | L21: مبيع $ | N21: الفئة دولار | O21: العدد | P21: المجموع | Q21: الفئة لبناني | R21: العدد | S21: المجموع
A22: 1 | C22: =A22*B22 -> 0 | D22: 5 | E22: 59 | F22: =D22*E22 -> 295 | H22: بيع | I22: احمد عيتاني | J22: 1800 | L22: ='14-04'!$K22+('14-04'!$J22/90) -> 20 | N22: 1 | P22: =N22*O22 -> 0 | Q22: 5 | R22: 57 | S22: =Q22*R22 -> 285
A23: 5 | B23: 1 | C23: =A23*B23 -> 5 | D23: 10 | E23: 53 | F23: =D23*E23 -> 530 | H23: جملة | I23: عماد شعبان | K23: 110 | L23: ='14-04'!$K23+('14-04'!$J23/90) -> 110 | N23: 5 | O23: 9 | P23: =N23*O23 -> 45 | Q23: 10 | R23: 42 | S23: =Q23*R23 -> 420
A24: 10 | B24: 46 | C24: =A24*B24 -> 460 | D24: 20 | E24: 39 | F24: =D24*E24 -> 780 | H24: بيع | I24: نص ليو | J24: -180 | K24: 65 | L24: ='14-04'!$K24+('14-04'!$J24/90) -> 63 | N24: 10 | O24: 47 | P24: =N24*O24 -> 470 | Q24: 20 | R24: 10 | S24: =Q24*R24 -> 200
A25: 20 | B25: 22 | C25: =A25*B25 -> 440 | D25: 50 | E25: 2 | F25: =D25*E25 -> 100 | H25: بيع | I25: احمد القزاز | J25: -675 | K25: 10 | L25: ='14-04'!$K25+('14-04'!$J25/90) -> 2.5 | N25: 20 | O25: 29 | P25: =N25*O25 -> 580 | Q25: 50 | S25: =Q25*R25 -> 0
A26: 50 | B26: 1 | C26: =A26*B26 -> 50 | D26: 100 | E26: 27 | F26: =D26*E26 -> 2700 | H26: بيع | I26: مرتجع | J26: -270 | K26: -10 | L26: ='14-04'!$K26+('14-04'!$J26/90) -> -13 | N26: 50 | O26: 2 | P26: =N26*O26 -> 100 | Q26: 100 | R26: 87 | S26: =Q26*R26 -> 8700
A27: 100 | B27: 1 | C27: =A27*B27 -> 100 | D27: المجموع | F27: =SUM(F22:F26) -> 4405 | H27: بيع | J27: -810 | K27: 10 | L27: ='14-04'!$K27+('14-04'!$J27/90) -> 1 | N27: 100 | O27: 12 | P27: =N27*O27 -> 1200 | Q27: المجموع | S27: =SUM(S22:S26) -> 9605
A28: المجموع | C28: =SUM(C22:C27) -> 1055 | H28: بيع | J28: 450 | L28: ='14-04'!$K28+('14-04'!$J28/90) -> 5 | N28: المجموع | P28: =SUM(P22:P27) -> 2395
B29: 0 | D29: حركة الصندوق ل.ل | F29: {=INDIRECT("'"&$A$19&"'!J20")+J1} -> -3800 | H29: بيع | K29: 140 | L29: ='14-04'!$K29+('14-04'!$J29/90) -> 140 | Q29: حركة الصندوق ل.ل | S29: =SUM('14-04'!$J$22:$J$135) -> -240
A30: حركة الصندوق $ | C30: {=INDIRECT("'"&$A$19&"'!K20")+K1} -> -18 | H30: بيع | I30: خالد ابو الدقن | K30: 35 | L30: ='14-04'!$K30+('14-04'!$J30/90) -> 35 | N30: حركة الصندوق $ | P30: =SUM('14-04'!$K$22:$K$135) -> 185
D31: الفرق | F31: {=F27-F29-INDIRECT("'"&$A$19&"'!f27")} -> 0 | H31: بيع | I31: مسكة شطافة 4 | J31: 400 | L31: ='14-04'!$K31+('14-04'!$J31/90) -> 4.4444444 | Q31: الفرق | S31: =S27-S29-F27 -> 5440
A32: الفرق | C32: {=C28-C30-INDIRECT("'"&$A$19&"'!c28")} -> 0 | H32: بيع | I32: ابو حسين | J32: -100 | K32: 130 | L32: ='14-04'!$K32+('14-04'!$J32/90) -> 128.88889 | N32: الفرق | P32: =P28-P30-C28 -> 1155
H33: بيع | I33: ابو كريم | J33: -250 | K33: 5 | L33: ='14-04'!$K33+('14-04'!$J33/90) -> 2.2222222
H34: بيع | J34: 400 | L34: ='14-04'!$K34+('14-04'!$J34/90) -> 4.4444444
H35: بيع | I35: بلال مكداشي | J35: 100 | K35: 100 | L35: ='14-04'!$K35+('14-04'!$J35/90) -> 101.11111
H36: بيع | J36: -100 | K36: 15 | L36: ='14-04'!$K36+('14-04'!$J36/90) -> 13.888889
H37: بيع | I37: ترابة و تنر | J37: 300 | K37: 5 | L37: ='14-04'!$K37+('14-04'!$J37/90) -> 8.3333333
H38: بيع | I38: سيليكون وترابة | K38: 5 | L38: ='14-04'!$K38+('14-04'!$J38/90) -> 5
H39: بيع | I39: طابة كهرباء | J39: 630 | L39: ='14-04'!$K39+('14-04'!$J39/90) -> 7
H40: بيع | I40: شادي مروة | K40: 3800 | L40: ='14-04'!$K40+('14-04'!$J40/90) -> 3800
H41: سحب | I41: مع الحاج | K41: -3800 | L41: ='14-04'!$K41+('14-04'!$J41/90) -> -3800
H42: بيع | I42: تلزيق ربع كيلو | J42: 270 | L42: ='14-04'!$K42+('14-04'!$J42/90) -> 3
H43: بيع | J43: 225 | L43: ='14-04'!$K43+('14-04'!$J43/90) -> 2.5
H44: بيع | I44: شطافة ماليزي | J44: 400 | L44: ='14-04'!$K44+('14-04'!$J44/90) -> 4.4444444
H45: بيع | I45: علي ايبو | J45: -400 | K45: 10 | L45: ='14-04'!$K45+('14-04'!$J45/90) -> 5.5555556
H46: بيع | I46: اطباء بلا حدود | K46: 2354 | L46: ='14-04'!$K46+('14-04'!$J46/90) -> 2354
H47: سحب | I47: مع الحاج | K47: -2354 | L47: ='14-04'!$K47+('14-04'!$J47/90) -> -2354
H48: بيع | I48: احمد السكرية | J48: 60 | L48: ='14-04'!$K48+('14-04'!$J48/90) -> 0.66666667
H49: بيع | I49: سكر زاوية | J49: 220 | L49: ='14-04'!$K49+('14-04'!$J49/90) -> 2.4444444
H50: بيع | I50: مرتجع محمود عمايا | J50: -360 | K50: -5 | L50: ='14-04'!$K50+('14-04'!$J50/90) -> -9
H51: بيع | I51: احمد الموسى | J51: 700 | L51: ='14-04'!$K51+('14-04'!$J51/90) -> 7.7777778
H52: بيع | I52: عماد عجم | J52: 1350 | K52: 10 | L52: ='14-04'!$K52+('14-04'!$J52/90) -> 25
H53: بيع | I53: تلزيق اسود عريض | K53: 30 | L53: ='14-04'!$K53+('14-04'!$J53/90) -> 30
H54: بيع | I54: باكس | J54: -270 | K54: 5 | L54: ='14-04'!$K54+('14-04'!$J54/90) -> 2
H55: بيع | I55: ابو طارق | J55: -100 | K55: 75 | L55: ='14-04'!$K55+('14-04'!$J55/90) -> 73.888889
H56: بيع | J56: -230 | K56: 5 | L56: ='14-04'!$K56+('14-04'!$J56/90) -> 2.4444444
H57: بيع | J57: -150 | K57: 5 | L57: ='14-04'!$K57+('14-04'!$J57/90) -> 3.3333333
H58: بيع | I58: عداد ماي | K58: 10 | L58: ='14-04'!$K58+('14-04'!$J58/90) -> 10
H59: بيع | I59: رزيستنس 1500 | J59: -270 | K59: 15 | L59: ='14-04'!$K59+('14-04'!$J59/90) -> 12
H60: بيع | I60: بويا | J60: 370 | K60: 50 | L60: ='14-04'!$K60+('14-04'!$J60/90) -> 54.111111
H61: بيع | I61: مسكة شطافة | J61: 200 | L61: ='14-04'!$K61+('14-04'!$J61/90) -> 2.2222222
H62: بيع | I62: عماد عجم | J62: 2250 | L62: ='14-04'!$K62+('14-04'!$J62/90) -> 25
H63: بيع | I63: بويا وفرشاية | J63: -360 | K63: 10 | L63: ='14-04'!$K63+('14-04'!$J63/90) -> 6
H64: بيع | I64: خلاط دوش صيني | J64: -200 | K64: 20 | L64: ='14-04'!$K64+('14-04'!$J64/90) -> 17.777778
H65: بيع | I65: فرشاية | J65: 100 | L65: ='14-04'!$K65+('14-04'!$J65/90) -> 1.1111111
H66: بيع | I66: احمد القيسي | K66: 10 | L66: ='14-04'!$K66+('14-04'!$J66/90) -> 10
H67: بيع | I67: بويا | K67: 25 | L67: ='14-04'!$K67+('14-04'!$J67/90) -> 25
H68: بيع | I68: قلب ايطالي | J68: 250 | L68: ='14-04'!$K68+('14-04'!$J68/90) -> 2.7777778
H69: بيع | I69: طبوش | J69: 200 | K69: 5 | L69: ='14-04'!$K69+('14-04'!$J69/90) -> 7.2222222
H70: بيع | I70: قفل | J70: 50 | K70: 5 | L70: ='14-04'!$K70+('14-04'!$J70/90) -> 5.5555556
H71: بيع | J71: -90 | K71: 40 | L71: ='14-04'!$K71+('14-04'!$J71/90) -> 39
H72: بيع | I72: خلاط مجلى بلاستيك | J72: -180 | K72: 10 | L72: ='14-04'!$K72+('14-04'!$J72/90) -> 8
H73: بيع | I73: ابو عيسى | K73: 100 | L73: ='14-04'!$K73+('14-04'!$J73/90) -> 100
H74: بيع | J74: -300 | K74: 10 | L74: ='14-04'!$K74+('14-04'!$J74/90) -> 6.6666667
H75: بيع | I75: تلزيق | J75: -700 | L75: ='14-04'!$K75+('14-04'!$J75/90) -> -7.7777778
H76: بيع | I76: قلب طويل | J76: 300 | L76: ='14-04'!$K76+('14-04'!$J76/90) -> 3.3333333
H77: بيع | I77: قلب فيتاس | J77: -150 | K77: 10 | L77: ='14-04'!$K77+('14-04'!$J77/90) -> 8.3333333
H78: بيع | J78: 500 | L78: ='14-04'!$K78+('14-04'!$J78/90) -> 5.5555556
H79: بيع | I79: محمود سلامة | J79: -300 | K79: 100 | L79: ='14-04'!$K79+('14-04'!$J79/90) -> 96.666667
H80: بيع | J80: 120 | L80: ='14-04'!$K80+('14-04'!$J80/90) -> 1.3333333
H81: بيع | I81: خالد الحموي | K81: 200 | L81: ='14-04'!$K81+('14-04'!$J81/90) -> 200
H82: بيع | I82: مطابقة مرتجع | K82: -35 | L82: ='14-04'!$K82+('14-04'!$J82/90) -> -35 | N82: مطابق | P82: 2395 | S82: 9605
H83: بيع | I83: احمد 3 | J83: -180 | K83: 20 | L83: ='14-04'!$K83+('14-04'!$J83/90) -> 18
H84: بيع | I84: معجونة ورول ومسكة | J84: 540 | L84: ='14-04'!$K84+('14-04'!$J84/90) -> 6
H85: بيع | I85: سدة 3/4 | J85: 40 | L85: ='14-04'!$K85+('14-04'!$J85/90) -> 0.44444444
H86: سحب | I86: بيد الحاج محمد علي | K86: -10 | L86: ='14-04'!$K86+('14-04'!$J86/90) -> -10
H87: بيع | I87: كرسي | K87: 65 | L87: ='14-04'!$K87+('14-04'!$J87/90) -> 65
H88: بيع | I88: احمد الدايري | K88: 10 | L88: ='14-04'!$K88+('14-04'!$J88/90) -> 10
H89: بيع | I89: غطاء كرسي | J89: -100 | K89: 10 | L89: ='14-04'!$K89+('14-04'!$J89/90) -> 8.8888889
H90: بيع | I90: محمود سلامة | J90: -200 | K90: 40 | L90: ='14-04'!$K90+('14-04'!$J90/90) -> 37.777778
H91: بيع | J91: 70 | L91: ='14-04'!$K91+('14-04'!$J91/90) -> 0.77777778
H92: بيع | I92: شعلان | J92: -200 | K92: 35 | L92: ='14-04'!$K92+('14-04'!$J92/90) -> 32.777778
H93: مصاريف | I93: بنزين إبراهيم | J93: -300 | L93: ='14-04'!$K93+('14-04'!$J93/90) -> -3.3333333
H94: بيع | J94: 180 | L94: ='14-04'!$K94+('14-04'!$J94/90) -> 2
H95: بيع | K95: 6 | L95: ='14-04'!$K95+('14-04'!$J95/90) -> 6
H96: بيع | J96: 50 | L96: ='14-04'!$K96+('14-04'!$J96/90) -> 0.55555556
H97: بيع | K97: 10 | L97: ='14-04'!$K97+('14-04'!$J97/90) -> 10
H98: بيع | I98: عودة وقاروط | K98: 500 | L98: ='14-04'!$K98+('14-04'!$J98/90) -> 500
H99: بيع | J99: 25 | L99: ='14-04'!$K99+('14-04'!$J99/90) -> 0.27777778
H100: بيع | I100: عنق | J100: 350 | L100: ='14-04'!$K100+('14-04'!$J100/90) -> 3.8888889
...

Sheet 15-04
I1: حركة الصندوق | J1: =SUM(J3:J18) -> 150 | K1: =SUM(K3:K18) -> 100 | L1: =SUM(L3:L18) -> 101.66667
H2: العملية | I2: البيان | J2: اللبناني | K2: الدولار | L2: مبيع $
H3: بيع | I3: ترابة | J3: 200 | L3: =K3+(J3/90) -> 2.2222222
H4: بيع | I4: صباب كبس | J4: -100 | K4: 5 | L4: =K4+(J4/90) -> 3.8888889
H5: جملة | I5: عماد شعبان | K5: 90 | L5: =K5+(J5/90) -> 90
H6: بيع | I6: مطابقة | J6: 50 | K6: 5 | L6: =K6+(J6/90) -> 5.5555556
H7: بيع | L7: =K7+(J7/90) -> 0
H8: بيع | L8: =K8+(J8/90) -> 0
H9: بيع | L9: =K9+(J9/90) -> 0
H10: بيع | L10: =K10+(J10/90) -> 0
H11: بيع | L11: =K11+(J11/90) -> 0
H12: بيع | L12: =K12+(J12/90) -> 0
H13: بيع | L13: =K13+(J13/90) -> 0
H14: بيع | I14: مع الحاج | K14: 320 | L14: =K14+(J14/90) -> 320
H15: سحب | I15: مع الحاج | K15: -320 | L15: =K15+(J15/90) -> -320
H16: بيع | L16: =K16+(J16/90) -> 0
H17: بيع | L17: =K17+(J17/90) -> 0
A18: رصيد قديم من تاريخ | H18: بيع | L18: =K18+(J18/90) -> 0
A19: 14-04
A20: جرد اول النهار | I20: حركة الصندوق | J20: =SUM('15-04'!$J$22:$J$121) -> 55 | K20: =SUM('15-04'!$K$22:$K$121) -> -416 | L20: =SUM('15-04'!$L$22:$L$121) -> -415.38889 | N20: جرد اخر النهار
A21: الفئة دولار | B21: العدد | C21: المجموع | D21: الفئة لبناني | E21: العدد | F21: المجموع | H21: العملية | I21: البيان | J21: اللبناني | K21: الدولار | L21: مبيع $ | N21: الفئة دولار | O21: العدد | P21: المجموع | Q21: الفئة لبناني | R21: العدد | S21: المجموع
A22: 1 | C22: =A22*B22 -> 0 | D22: 5 | E22: 49 | F22: =D22*E22 -> 245 | H22: بيع | I22: قنينة سوداء سدة ذكر | J22: 400 | L22: ='15-04'!$K22+('15-04'!$J22/90) -> 4.4444444 | N22: 1 | O22: 1 | P22: =N22*O22 -> 1 | Q22: 5 | R22: 52 | S22: =Q22*R22 -> 260
A23: 5 | B23: 12 | C23: =A23*B23 -> 60 | D23: 10 | E23: 31 | F23: =D23*E23 -> 310 | H23: بيع | K23: 295 | L23: ='15-04'!$K23+('15-04'!$J23/90) -> 295 | N23: 5 | O23: 12 | P23: =N23*O23 -> 60 | Q23: 10 | R23: 26 | S23: =Q23*R23 -> 260
A24: 10 | B24: 47 | C24: =A24*B24 -> 470 | D24: 20 | E24: 3 | F24: =D24*E24 -> 60 | H24: سحب | I24: بيد الحاج | K24: -300 | L24: ='15-04'!$K24+('15-04'!$J24/90) -> -300 | N24: 10 | O24: 52 | P24: =N24*O24 -> 520 | Q24: 20 | R24: 3 | S24: =Q24*R24 -> 60
A25: 20 | B25: 33 | C25: =A25*B25 -> 660 | D25: 50 | E25: 2 | F25: =D25*E25 -> 100 | H25: بيع | I25: مصطفى الحلبي | J25: 500 | L25: ='15-04'!$K25+('15-04'!$J25/90) -> 5.5555556 | N25: 20 | O25: 33 | P25: =N25*O25 -> 660 | Q25: 50 | R25: 1 | S25: =Q25*R25 -> 50
A26: 50 | B26: 1 | C26: =A26*B26 -> 50 | D26: 100 | E26: 36 | F26: =D26*E26 -> 3600 | H26: مصاريف | I26: بنزين ابراهيم | J26: -300 | L26: ='15-04'!$K26+('15-04'!$J26/90) -> -3.3333333 | N26: 50 | O26: 10 | P26: =N26*O26 -> 500 | Q26: 100 | R26: 60 | S26: =Q26*R26 -> 6000
A27: 100 | B27: 1 | C27: =A27*B27 -> 100 | D27: المجموع | F27: =SUM(F22:F26) -> 4315 | H27: بيع | I27: نربيج دخول وسكر | K27: 10 | L27: ='15-04'!$K27+('15-04'!$J27/90) -> 10 | N27: 100 | O27: 22 | P27: =N27*O27 -> 2200 | Q27: المجموع | S27: =SUM(S22:S26) -> 6630
A28: المجموع | C28: =SUM(C22:C27) -> 1340 | H28: بيع | I28: مرتجع | J28: -90 | K28: 10 | L28: ='15-04'!$K28+('15-04'!$J28/90) -> 9 | N28: المجموع | P28: =SUM(P22:P27) -> 3941
B29: 0 | D29: حركة الصندوق ل.ل | F29: {=INDIRECT("'"&$A$19&"'!J20")+J1} -> -90 | H29: بيع | I29: عدة جنب 2 سكر دوبل | J29: -90 | K29: 55 | L29: ='15-04'!$K29+('15-04'!$J29/90) -> 54 | Q29: حركة الصندوق ل.ل | S29: =SUM('15-04'!$J$22:$J$121) -> 55
A30: حركة الصندوق $ | C30: {=INDIRECT("'"&$A$19&"'!K20")+K1} -> 285 | H30: بيع | J30: 135 | L30: ='15-04'!$K30+('15-04'!$J30/90) -> 1.5 | N30: حركة الصندوق $ | P30: =SUM('15-04'!$K$22:$K$121) -> -416
D31: الفرق | F31: {=F27-F29-INDIRECT("'"&$A$19&"'!f27")} -> 0 | H31: بيع | J31: 225 | L31: ='15-04'!$K31+('15-04'!$J31/90) -> 2.5 | Q31: الفرق | S31: =S27-S29-F27 -> 2260
A32: الفرق | C32: {=C28-C30-INDIRECT("'"&$A$19&"'!c28")} -> 0 | H32: بيع | I32: خلاط مجلى شك تركي | K32: 30 | L32: ='15-04'!$K32+('15-04'!$J32/90) -> 30 | N32: الفرق | P32: =P28-P30-C28 -> 3017
H33: بيع | I33: طابقة واقفة | J33: -270 | K33: 10 | L33: ='15-04'!$K33+('15-04'!$J33/90) -> 7
H34: بيع | I34: موتير نص ليو | J34: 300 | K34: 30 | L34: ='15-04'!$K34+('15-04'!$J34/90) -> 33.333333
H35: بيع | I35: فاتورة | K35: 18 | L35: ='15-04'!$K35+('15-04'!$J35/90) -> 18
H36: بيع | I36: نربيج | J36: 120 | L36: ='15-04'!$K36+('15-04'!$J36/90) -> 1.3333333
H37: بيع | I37: كرسي 040 عدنان | K37: 80 | L37: ='15-04'!$K37+('15-04'!$J37/90) -> 80
H38: بيع | I38: حاج خالد جعفر | K38: 10 | L38: ='15-04'!$K38+('15-04'!$J38/90) -> 10
H39: بيع | I39: مووتير 2 حصان بدرلو | K39: 430 | L39: ='15-04'!$K39+('15-04'!$J39/90) -> 430
H40: بيع | I40: زاوية+ | J40: -200 | K40: 10 | L40: ='15-04'!$K40+('15-04'!$J40/90) -> 7.7777778
H41: سحب | I41: مطلق | K41: -10 | L41: ='15-04'!$K41+('15-04'!$J41/90) -> -10
H42: بيع | I42: سبراي + طابة سوداء | J42: 350 | L42: ='15-04'!$K42+('15-04'!$J42/90) -> 3.8888889
H43: بيع | I43: موتير ليو حصان | K43: 63 | L43: ='15-04'!$K43+('15-04'!$J43/90) -> 63
H44: بيع | I44: سيليكون | J44: 90 | K44: 1 | L44: ='15-04'!$K44+('15-04'!$J44/90) -> 2
H45: بيع | I45: حنفية شك ونربيج | K45: 7 | L45: ='15-04'!$K45+('15-04'!$J45/90) -> 7
H46: بيع | I46: فاتورة جان و لطيف من ابراهيم | J46: -250 | K46: 470 | L46: ='15-04'!$K46+('15-04'!$J46/90) -> 467.22222
H47: بيع | I47: قلب وسدة | J47: -100 | K47: 5 | L47: ='15-04'!$K47+('15-04'!$J47/90) -> 3.8888889
H48: بيع | I48: قنينة+اغراض | K48: 120 | L48: ='15-04'!$K48+('15-04'!$J48/90) -> 120
H49: بيع | J49: -790 | K49: 10 | L49: ='15-04'!$K49+('15-04'!$J49/90) -> 1.2222222
H50: بيع | I50: ابو حسين سلامة | K50: 30 | L50: ='15-04'!$K50+('15-04'!$J50/90) -> 30
H51: بيع | I51: مخالفتين | J51: 200 | L51: ='15-04'!$K51+('15-04'!$J51/90) -> 2.2222222
H52: بيع | I52: ترابة بيضاء | J52: 500 | L52: ='15-04'!$K52+('15-04'!$J52/90) -> 5.5555556
H53: سحب | I53: المنيوم للسفارة | K53: -50 | L53: ='15-04'!$K53+('15-04'!$J53/90) -> -50
H54: بيع | I54: ابو هيثم السعيد | K54: 500 | L54: ='15-04'!$K54+('15-04'!$J54/90) -> 500
H55: بيع | I55: مسكة | J55: 200 | L55: ='15-04'!$K55+('15-04'!$J55/90) -> 2.2222222
H56: بيع | I56: علي ايبو | K56: 70 | L56: ='15-04'!$K56+('15-04'!$J56/90) -> 70
H57: بيع | I57: رياض المحمود | J57: 90 | K57: 21 | L57: ='15-04'!$K57+('15-04'!$J57/90) -> 22
H58: بيع | I58: رياض المحمود | J58: 220 | L58: ='15-04'!$K58+('15-04'!$J58/90) -> 2.4444444
H59: بيع | I59: مرتجع حديد | J59: -30 | K59: -25 | L59: ='15-04'!$K59+('15-04'!$J59/90) -> -25.333333
H60: مصاريف | I60: ماي | J60: -50 | L60: ='15-04'!$K60+('15-04'!$J60/90) -> -0.55555556
H61: بيع | J61: 200 | L61: ='15-04'!$K61+('15-04'!$J61/90) -> 2.2222222
H62: بيع | I62: م. شطافة ايطالي | J62: 585 | L62: ='15-04'!$K62+('15-04'!$J62/90) -> 6.5
H63: بيع | I63: احمد الموسى | K63: 210 | L63: ='15-04'!$K63+('15-04'!$J63/90) -> 210
H64: بيع | I64: احمد الموسى | J64: -200 | K64: 5 | L64: ='15-04'!$K64+('15-04'!$J64/90) -> 2.7777778
H65: بيع | I65: حاج فادي قاروط | J65: 180 | K65: 30 | L65: ='15-04'!$K65+('15-04'!$J65/90) -> 32
H66: سحب | I66: احمد عيتاني تيرمو | K66: -500 | L66: ='15-04'!$K66+('15-04'!$J66/90) -> -500
H67: بيع | I67: جامع ذي النورين | K67: 600 | L67: ='15-04'!$K67+('15-04'!$J67/90) -> 600
H68: بيع | I68: محمد دبدوب | K68: 40 | L68: ='15-04'!$K68+('15-04'!$J68/90) -> 40
H69: بيع | I69: مطلق | J69: 270 | L69: ='15-04'!$K69+('15-04'!$J69/90) -> 3
H70: بيع | I70: عنق | K70: 9 | L70: ='15-04'!$K70+('15-04'!$J70/90) -> 9
H71: بيع | I71: مطابقة | J71: -400 | K71: -18 | L71: ='15-04'!$K71+('15-04'!$J71/90) -> -22.444444 | N71: مطابق | P71: 3616 | S71: 6110
H72: بيع | I72: طابة واقفة | K72: 10 | L72: ='15-04'!$K72+('15-04'!$J72/90) -> 10
H73: بيع | J73: 120 | L73: ='15-04'!$K73+('15-04'!$J73/90) -> 1.3333333
H74: بيع | J74: 100 | L74: ='15-04'!$K74+('15-04'!$J74/90) -> 1.1111111
H75: بيع | I75: ابو مهدي قبلان | K75: 115 | L75: ='15-04'!$K75+('15-04'!$J75/90) -> 115
H76: بيع | I76: حسين السيد | K76: 200 | L76: ='15-04'!$K76+('15-04'!$J76/90) -> 200
H77: بيع | I77: قفل وترابة | J77: 300 | L77: ='15-04'!$K77+('15-04'!$J77/90) -> 3.3333333 | N77: مطابق | P77: 3941 | S77: 6630
H78: بيع | I78: رزيستنس فواز | J78: -100 | K78: 9 | L78: ='15-04'!$K78+('15-04'!$J78/90) -> 7.8888889
H79: بيع | I79: حسن اوجيرو | K79: 220 | L79: ='15-04'!$K79+('15-04'!$J79/90) -> 220
H80: بيع | I80: سكر زاوية | J80: 500 | L80: ='15-04'!$K80+('15-04'!$J80/90) -> 5.5555556
H81: بيع | I81: صباب مروحة | J81: 300 | L81: ='15-04'!$K81+('15-04'!$J81/90) -> 3.3333333
H82: بيع | I82: حسين الأحمد | K82: 1000 | L82: ='15-04'!$K82+('15-04'!$J82/90) -> 1000
H83: بيع | I83: غزال | J83: -200 | K83: 10 | L83: ='15-04'!$K83+('15-04'!$J83/90) -> 7.7777778
H84: بيع | I84: أبو حشمة | K84: 30 | L84: ='15-04'!$K84+('15-04'!$J84/90) -> 30
H85: بيع | I85: قفل يو | K85: 5 | L85: ='15-04'!$K85+('15-04'!$J85/90) -> 5
H86: بيع | J86: 350 | L86: ='15-04'!$K86+('15-04'!$J86/90) -> 3.8888889
H87: بيع | J87: 300 | L87: ='15-04'!$K87+('15-04'!$J87/90) -> 3.3333333
H88: مصاريف | I88: بنزين عبد / رمادي | J88: -300 | L88: ='15-04'!$K88+('15-04'!$J88/90) -> -3.3333333
H89: بيع | I89: مرتجع فادي قارووط | K89: -30 | L89: ='15-04'!$K89+('15-04'!$J89/90) -> -30
H90: بيع | J90: 400 | L90: ='15-04'!$K90+('15-04'!$J90/90) -> 4.4444444
H91: بيع | J91: -100 | K91: 25 | L91: ='15-04'!$K91+('15-04'!$J91/90) -> 23.888889
H92: بيع | I92: موتير+برس كونترول | K92: 60 | L92: ='15-04'!$K92+('15-04'!$J92/90) -> 60
H93: بيع | I93: خلاط | K93: 13 | L93: ='15-04'!$K93+('15-04'!$J93/90) -> 13
H94: بيع | I94: طابة+قفل | J94: -20 | K94: 10 | L94: ='15-04'!$K94+('15-04'!$J94/90) -> 9.7777778
H95: بيع | I95: غطاء مصفاية | J95: 150 | L95: ='15-04'!$K95+('15-04'!$J95/90) -> 1.6666667
H96: بيع | I96: مرتجع | J96: -760 | L96: ='15-04'!$K96+('15-04'!$J96/90) -> -8.4444444
H97: بيع | I97: مرتجع اوجيرو | K97: -20 | L97: ='15-04'!$K97+('15-04'!$J97/90) -> -20
H98: بيع | I98: احمد القيسي | J98: 700 | L98: ='15-04'!$K98+('15-04'!$J98/90) -> 7.7777778
H99: بيع | I99: كبس | J99: 350 | L99: ='15-04'!$K99+('15-04'!$J99/90) -> 3.8888889
H100: بيع | I100: مرتجع | K100: -1 | L100: ='15-04'!$K100+('15-04'!$J100/90) -> -1
...

Sheet 16-04
I1: حركة الصندوق | J1: =SUM(J3:J18) -> 150 | K1: =SUM(K3:K18) -> 287 | L1: =SUM(L3:L18) -> 288.66667
H2: العملية | I2: البيان | J2: اللبناني | K2: الدولار | L2: مبيع $
H3: بيع | J3: 150 | L3: =K3+(J3/90) -> 1.6666667
H4: بيع | I4: المختار | K4: 20 | L4: =K4+(J4/90) -> 20
H5: بيع | K5: 250 | L5: =K5+(J5/90) -> 250
H6: بيع | K6: 17 | L6: =K6+(J6/90) -> 17
H7: بيع | L7: =K7+(J7/90) -> 0
H8: بيع | L8: =K8+(J8/90) -> 0
H9: بيع | L9: =K9+(J9/90) -> 0
H10: بيع | L10: =K10+(J10/90) -> 0
H11: بيع | L11: =K11+(J11/90) -> 0
H12: بيع | L12: =K12+(J12/90) -> 0
H13: بيع | L13: =K13+(J13/90) -> 0
H14: بيع | L14: =K14+(J14/90) -> 0
H15: بيع | L15: =K15+(J15/90) -> 0
H16: بيع | L16: =K16+(J16/90) -> 0
H17: بيع | L17: =K17+(J17/90) -> 0
A18: رصيد قديم من تاريخ | H18: بيع | L18: =K18+(J18/90) -> 0
A19: 15-04
A20: جرد اول النهار | I20: حركة الصندوق | J20: =SUM('16-04'!$J$22:$J$121) -> -90 | K20: =SUM('16-04'!$K$22:$K$121) -> -296 | L20: =SUM('16-04'!$L$22:$L$121) -> -297 | N20: جرد اخر النهار
A21: الفئة دولار | B21: العدد | C21: المجموع | D21: الفئة لبناني | E21: العدد | F21: المجموع | H21: العملية | I21: البيان | J21: اللبناني | K21: الدولار | L21: مبيع $ | N21: الفئة دولار | O21: العدد | P21: المجموع | Q21: الفئة لبناني | R21: العدد | S21: المجموع
A22: 1 | B22: 1 | C22: =A22*B22 -> 1 | D22: 5 | E22: 52 | F22: =D22*E22 -> 260 | H22: بيع | I22: شري | J22: -180 | K22: 10 | L22: ='16-04'!$K22+('16-04'!$J22/90) -> 8 | N22: 1 | P22: =N22*O22 -> 0 | Q22: 5 | R22: 40 | S22: =Q22*R22 -> 200
A23: 5 | B23: 6 | C23: =A23*B23 -> 30 | D23: 10 | E23: 27 | F23: =D23*E23 -> 270 | H23: سحب | I23: قفل للورشة | K23: -15 | L23: ='16-04'!$K23+('16-04'!$J23/90) -> -15 | N23: 5 | O23: 1 | P23: =N23*O23 -> 5 | Q23: 10 | R23: 12 | S23: =Q23*R23 -> 120
A24: 10 | B24: 42 | C24: =A24*B24 -> 420 | D24: 20 | E24: 2 | F24: =D24*E24 -> 40 | H24: بيع | I24: ليحيى | K24: -10 | L24: ='16-04'!$K24+('16-04'!$J24/90) -> -10 | N24: 10 | O24: 38 | P24: =N24*O24 -> 380 | Q24: 20 | S24: =Q24*R24 -> 0
A25: 20 | B25: 33 | C25: =A25*B25 -> 660 | D25: 50 | E25: 1 | F25: =D25*E25 -> 50 | H25: بيع | I25: مسكة شطافة ايطالي | K25: 4 | L25: ='16-04'!$K25+('16-04'!$J25/90) -> 4 | N25: 20 | O25: 23 | P25: =N25*O25 -> 460 | Q25: 50 | S25: =Q25*R25 -> 0
A26: 50 | B26: 2 | C26: =A26*B26 -> 100 | D26: 100 | E26: 39 | F26: =D26*E26 -> 3900 | H26: بيع | I26: عمر فحام | J26: -450 | K26: 20 | L26: ='16-04'!$K26+('16-04'!$J26/90) -> 15 | N26: 50 | O26: 7 | P26: =N26*O26 -> 350 | Q26: 100 | R26: 25 | S26: =Q26*R26 -> 2500
A27: 100 | C27: =A27*B27 -> 0 | D27: المجموع | F27: =SUM(F22:F26) -> 4520 | H27: بيع | I27: سكر ميني وركور | J27: 400 | L27: ='16-04'!$K27+('16-04'!$J27/90) -> 4.4444444 | N27: 100 | O27: 12 | P27: =N27*O27 -> 1200 | Q27: المجموع | S27: =SUM(S22:S26) -> 2820
A28: المجموع | C28: =SUM(C22:C27) -> 1211 | H28: بيع | I28: احمد الديري | K28: -10 | L28: ='16-04'!$K28+('16-04'!$J28/90) -> -10 | N28: المجموع | P28: =SUM(P22:P27) -> 2395
B29: 0 | D29: حركة الصندوق ل.ل | F29: {=INDIRECT("'"&$A$19&"'!J20")+J1} -> 205 | H29: مصاريف | I29: كهرباء المستودع والمحل | K29: -25 | L29: ='16-04'!$K29+('16-04'!$J29/90) -> -25 | Q29: حركة الصندوق ل.ل | S29: =SUM('16-04'!$J$22:$J$121) -> -90
A30: حركة الصندوق $ | C30: {=INDIRECT("'"&$A$19&"'!K20")+K1} -> -129 | H30: سحب | I30: قطرون | K30: -60 | L30: ='16-04'!$K30+('16-04'!$J30/90) -> -60 | N30: حركة الصندوق $ | P30: =SUM('16-04'!$K$22:$K$121) -> -296
D31: الفرق | F31: {=F27-F29-INDIRECT("'"&$A$19&"'!f27")} -> 0 | H31: سحب | I31: للشيخ | K31: -25 | L31: ='16-04'!$K31+('16-04'!$J31/90) -> -25 | Q31: الفرق | S31: =S27-S29-F27 -> -1610
A32: الفرق | C32: {=C28-C30-INDIRECT("'"&$A$19&"'!c28")} -> 0 | H32: سحب | K32: -8 | L32: ='16-04'!$K32+('16-04'!$J32/90) -> -8 | N32: الفرق | P32: =P28-P30-C28 -> 1480
H33: بيع | I33: طابة سوداء | J33: 400 | L33: ='16-04'!$K33+('16-04'!$J33/90) -> 4.4444444
H34: مصاريف | I34: بنزين ابراهيم | J34: -300 | L34: ='16-04'!$K34+('16-04'!$J34/90) -> -3.3333333
H35: بيع | I35: 20*20+ترابة | J35: 500 | L35: ='16-04'!$K35+('16-04'!$J35/90) -> 5.5555556
H36: بيع | I36: وصل 6 تلزيق 1/4 | J36: -360 | K36: 10 | L36: ='16-04'!$K36+('16-04'!$J36/90) -> 6
H37: سحب | I37: بيد الحاج | K37: -25 | L37: ='16-04'!$K37+('16-04'!$J37/90) -> -25
H38: بيع | I38: فؤاد زهرة | K38: 37 | L38: ='16-04'!$K38+('16-04'!$J38/90) -> 37
H39: بيع | I39: موتير | K39: 28 | L39: ='16-04'!$K39+('16-04'!$J39/90) -> 28
H40: بيع | I40: مطفى الحلبي | K40: 74 | L40: ='16-04'!$K40+('16-04'!$J40/90) -> 74
H41: بيع | I41: سكر غلة 1/2 ايطالي | K41: 5 | L41: ='16-04'!$K41+('16-04'!$J41/90) -> 5
H42: بيع | I42: فؤاد زهرة | J42: 50 | L42: ='16-04'!$K42+('16-04'!$J42/90) -> 0.55555556
H43: بيع | I43: زراعي | J43: -540 | K43: 10 | L43: ='16-04'!$K43+('16-04'!$J43/90) -> 4
H44: بيع | I44: مع الحاج | K44: 275 | L44: ='16-04'!$K44+('16-04'!$J44/90) -> 275
H45: سحب | I45: مع الحاج | K45: -275 | L45: ='16-04'!$K45+('16-04'!$J45/90) -> -275
H46: سحب | I46: مكداشي | K46: -100 | L46: ='16-04'!$K46+('16-04'!$J46/90) -> -100
H47: بيع | I47: قلب ومسكة | J47: -225 | K47: 5 | L47: ='16-04'!$K47+('16-04'!$J47/90) -> 2.5
H48: بيع | I48: عنق | J48: 150 | L48: ='16-04'!$K48+('16-04'!$J48/90) -> 1.6666667
H49: سحب | J49: -100 | K49: -1 | L49: ='16-04'!$K49+('16-04'!$J49/90) -> -2.1111111
H50: بيع | I50: حنفية | J50: -270 | K50: 20 | L50: ='16-04'!$K50+('16-04'!$J50/90) -> 17
H51: بيع | I51: علي ايبو | K51: 55 | L51: ='16-04'!$K51+('16-04'!$J51/90) -> 55
H52: بيع | I52: ديار بكرلي | K52: 110 | L52: ='16-04'!$K52+('16-04'!$J52/90) -> 110
H53: بيع | I53: اكرم ناصر | J53: -130 | K53: 70 | L53: ='16-04'!$K53+('16-04'!$J53/90) -> 68.555556
H54: بيع | I54: اكياس رمل | J54: 200 | L54: ='16-04'!$K54+('16-04'!$J54/90) -> 2.2222222
H55: بيع | I55: صباب | J55: 350 | L55: ='16-04'!$K55+('16-04'!$J55/90) -> 3.8888889
H56: بيع | I56: حديد | J56: -135 | K56: 10 | L56: ='16-04'!$K56+('16-04'!$J56/90) -> 8.5
H57: بيع | J57: -450 | K57: 5 | L57: ='16-04'!$K57+('16-04'!$J57/90) -> 0
H58: بيع | I58: طابة اتوماتيك | J58: -300 | K58: 10 | L58: ='16-04'!$K58+('16-04'!$J58/90) -> 6.6666667
H59: بيع | I59: تيه 4 | J59: 140 | L59: ='16-04'!$K59+('16-04'!$J59/90) -> 1.5555556
H60: بيع | I60: مرتجع حنفية | J60: 270 | K60: -10 | L60: ='16-04'!$K60+('16-04'!$J60/90) -> -7
H61: بيع | I61: سدة بانيو | J61: 70 | L61: ='16-04'!$K61+('16-04'!$J61/90) -> 0.77777778
H62: بيع | I62: ساعة ضغط | J62: 360 | L62: ='16-04'!$K62+('16-04'!$J62/90) -> 4
H63: بيع | I63: ايزي وصباب | J63: -90 | K63: 5 | L63: ='16-04'!$K63+('16-04'!$J63/90) -> 4
H64: بيع | I64: عدة صندوق | K64: 6 | L64: ='16-04'!$K64+('16-04'!$J64/90) -> 6
H65: بيع | I65: مصطفى | J65: -315 | K65: 5 | L65: ='16-04'!$K65+('16-04'!$J65/90) -> 1.5
H66: بيع | I66: هايتك | J66: -50 | K66: 5 | L66: ='16-04'!$K66+('16-04'!$J66/90) -> 4.4444444
H67: بيع | I67: جهاد اغا | K67: 115 | L67: ='16-04'!$K67+('16-04'!$J67/90) -> 115
H68: بيع | I68: ايزي ايطالي | J68: -180 | K68: 5 | L68: ='16-04'!$K68+('16-04'!$J68/90) -> 3
H69: بيع | I69: كاتو | J69: 180 | L69: ='16-04'!$K69+('16-04'!$J69/90) -> 2
H70: بيع | I70: كفوف | J70: -300 | K70: 5 | L70: ='16-04'!$K70+('16-04'!$J70/90) -> 1.6666667
H71: بيع | I71: كعكة | J71: 100 | L71: ='16-04'!$K71+('16-04'!$J71/90) -> 1.1111111
H72: بيع | I72: رباط سنتير | J72: 270 | L72: ='16-04'!$K72+('16-04'!$J72/90) -> 3
H73: بيع | I73: نربيج 120 | J73: 200 | L73: ='16-04'!$K73+('16-04'!$J73/90) -> 2.2222222
H74: بيع | I74: ربيع عيتاني | J74: -135 | K74: 360 | L74: ='16-04'!$K74+('16-04'!$J74/90) -> 358.5
H75: بيع | I75: حسين السيد | K75: 99 | L75: ='16-04'!$K75+('16-04'!$J75/90) -> 99
H76: بيع | I76: فلتر | K76: 5 | L76: ='16-04'!$K76+('16-04'!$J76/90) -> 5
H77: بيع | I77: ترابة | J77: 50 | L77: ='16-04'!$K77+('16-04'!$J77/90) -> 0.55555556
H78: بيع | I78: فؤاد زهرة | J78: -90 | K78: 10 | L78: ='16-04'!$K78+('16-04'!$J78/90) -> 9
H79: بيع | I79: محمد الاسمر | J79: -400 | K79: 20 | L79: ='16-04'!$K79+('16-04'!$J79/90) -> 15.555556
H80: بيع | I80: موتير وبرسكونترول | K80: 190 | L80: ='16-04'!$K80+('16-04'!$J80/90) -> 190
H81: بيع | I81: عدة صندوق مونو بلوك | K81: 10 | L81: ='16-04'!$K81+('16-04'!$J81/90) -> 10
H82: بيع | I82: عبد الشيخ | K82: 150 | L82: ='16-04'!$K82+('16-04'!$J82/90) -> 150
H83: بيع | I83: مطابقة | J83: -390 | L83: ='16-04'!$K83+('16-04'!$J83/90) -> -4.3333333 | N83: مطابق | P83: 2395 | S83: 2820
H84: بيع | I84: غروهي خضر | K84: 70 | L84: ='16-04'!$K84+('16-04'!$J84/90) -> 70
H85: بيع | J85: 50 | L85: ='16-04'!$K85+('16-04'!$J85/90) -> 0.55555556
H86: بيع | I86: حبله | J86: -200 | K86: 10 | L86: ='16-04'!$K86+('16-04'!$J86/90) -> 7.7777778
H87: بيع | J87: -225 | K87: 10 | L87: ='16-04'!$K87+('16-04'!$J87/90) -> 7.5
H88: بيع | I88: نربيج + شفرات تنظيف | K88: 10 | L88: ='16-04'!$K88+('16-04'!$J88/90) -> 10
H89: بيع | I89: تفلون | J89: 90 | L89: ='16-04'!$K89+('16-04'!$J89/90) -> 1
H90: بيع | I90: سدة بانيو | J90: 40 | L90: ='16-04'!$K90+('16-04'!$J90/90) -> 0.44444444
H91: مصاريف | I91: موسى | K91: -10 | L91: ='16-04'!$K91+('16-04'!$J91/90) -> -10
H92: بيع | K92: 10 | L92: ='16-04'!$K92+('16-04'!$J92/90) -> 10
H93: بيع | I93: مسكة | J93: 100 | L93: ='16-04'!$K93+('16-04'!$J93/90) -> 1.1111111
H94: بيع | I94: خلاط | J94: -540 | K94: 40 | L94: ='16-04'!$K94+('16-04'!$J94/90) -> 34
H95: بيع | I95: قفل | K95: 5 | L95: ='16-04'!$K95+('16-04'!$J95/90) -> 5
H96: بيع | I96: سدة | J96: 30 | L96: ='16-04'!$K96+('16-04'!$J96/90) -> 0.33333333
H97: بيع | J97: 625 | L97: ='16-04'!$K97+('16-04'!$J97/90) -> 6.9444444
H98: بيع | I98: خلاط متحرك | J98: 250 | L98: ='16-04'!$K98+('16-04'!$J98/90) -> 2.7777778
H99: بيع | I99: فادي جواد | K99: 5 | L99: ='16-04'!$K99+('16-04'!$J99/90) -> 5
H100: بيع | I100: فادي جواد | J100: -230 | L100: ='16-04'!$K100+('16-04'!$J100/90) -> -2.5555556
...

Sheet 17-04
I1: حركة الصندوق | J1: =SUM(J3:J18) -> -2185 | K1: =SUM(K3:K18) -> 519 | L1: =SUM(L3:L18) -> 494.72222
H2: العملية | I2: البيان | J2: اللبناني | K2: الدولار | L2: مبيع $
H3: بيع | I3: PVC | K3: 185 | L3: =K3+(J3/90) -> 185
H4: مصاريف | I4: بنزين ابراهيم | J4: -300 | L4: =K4+(J4/90) -> -3.3333333
H5: بيع | I5: نبيل ابو دية | K5: 300 | L5: =K5+(J5/90) -> 300
H6: بيع | I6: عدنان السنكري | K6: 16 | L6: =K6+(J6/90) -> 16
H7: بيع | I7: نايلون | K7: 15 | L7: =K7+(J7/90) -> 15
H8: بيع | I8: نايلون | J8: -150 | L8: =K8+(J8/90) -> -1.6666667
H9: مصاريف | I9: بنزين حسام | J9: -2000 | L9: =K9+(J9/90) -> -22.222222
H10: بيع | I10: عبد كردلي | K10: 3 | L10: =K10+(J10/90) -> 3
H11: بيع | I11: عبد كردلي | J11: 150 | L11: =K11+(J11/90) -> 1.6666667
H12: بيع | I12: مطابقة | J12: 115 | L12: =K12+(J12/90) -> 1.2777778
H13: بيع | L13: =K13+(J13/90) -> 0
H14: بيع | L14: =K14+(J14/90) -> 0
H15: بيع | L15: =K15+(J15/90) -> 0
H16: بيع | L16: =K16+(J16/90) -> 0
H17: بيع | L17: =K17+(J17/90) -> 0
A18: رصيد قديم من تاريخ | H18: بيع | L18: =K18+(J18/90) -> 0
A19: 16-04
A20: جرد اول النهار | I20: حركة الصندوق | J20: =SUM('17-04'!$J$22:$J$135) -> 4880 | K20: =SUM('17-04'!$K$22:$K$135) -> 1342 | L20: =SUM('17-04'!$L$22:$L$135) -> 1396.2222 | N20: جرد اخر النهار
A21: الفئة دولار | B21: العدد | C21: المجموع | D21: الفئة لبناني | E21: العدد | F21: المجموع | H21: العملية | I21: البيان | J21: اللبناني | K21: الدولار | L21: مبيع $ | N21: الفئة دولار | O21: العدد | P21: المجموع | Q21: الفئة لبناني | R21: العدد | S21: المجموع
A22: 1 | B22: 4 | C22: =A22*B22 -> 4 | D22: 5 | E22: 29 | F22: =D22*E22 -> 145 | H22: بيع | I22: سبراي صدا وفرشاية | J22: 300 | L22: ='17-04'!$K22+('17-04'!$J22/90) -> 3.3333333 | N22: 1 | O22: 1 | P22: =N22*O22 -> 1 | Q22: 5 | R22: 32 | S22: =Q22*R22 -> 160
A23: 5 | C23: =A23*B23 -> 0 | D23: 10 | E23: 45 | F23: =D23*E23 -> 450 | H23: جملة | I23: عماد شعبان | K23: 220 | L23: ='17-04'!$K23+('17-04'!$J23/90) -> 220 | N23: 5 | O23: 5 | P23: =N23*O23 -> 25 | Q23: 10 | R23: 45 | S23: =Q23*R23 -> 450
A24: 10 | B24: 38 | C24: =A24*B24 -> 380 | D24: 20 | E24: 10 | F24: =D24*E24 -> 200 | H24: بيع | I24: فرق | J24: 50 | L24: ='17-04'!$K24+('17-04'!$J24/90) -> 0.55555556 | N24: 10 | O24: 46 | P24: =N24*O24 -> 460 | Q24: 20 | R24: 6 | S24: =Q24*R24 -> 120
A25: 20 | B25: 20 | C25: =A25*B25 -> 400 | D25: 50 | E25: 1 | F25: =D25*E25 -> 50 | H25: بيع | I25: عدة ليسيكو وكبسة | J25: -630 | K25: 50 | L25: ='17-04'!$K25+('17-04'!$J25/90) -> 43 | N25: 20 | O25: 20 | P25: =N25*O25 -> 400 | Q25: 50 | S25: =Q25*R25 -> 0
A26: 50 | B26: 1 | C26: =A26*B26 -> 50 | D26: 100 | E26: 14 | F26: =D26*E26 -> 1400 | H26: بيع | I26: قلب ومسكة | J26: 225 | L26: ='17-04'!$K26+('17-04'!$J26/90) -> 2.5 | N26: 50 | O26: 2 | P26: =N26*O26 -> 100 | Q26: 100 | R26: 55 | S26: =Q26*R26 -> 5500
A27: 100 | B27: 6 | C27: =A27*B27 -> 600 | D27: المجموع | F27: =SUM(F22:F26) -> 2245 | H27: بيع | I27: مجمو شطافة كروم | J27: -270 | K27: 40 | L27: ='17-04'!$K27+('17-04'!$J27/90) -> 37 | N27: 100 | O27: 13 | P27: =N27*O27 -> 1300 | Q27: المجموع | S27: =SUM(S22:S26) -> 6230
A28: المجموع | C28: =SUM(C22:C27) -> 1434 | H28: بيع | I28: مسكة شطافة | J28: -180 | K28: 10 | L28: ='17-04'!$K28+('17-04'!$J28/90) -> 8 | N28: المجموع | P28: =SUM(P22:P27) -> 2286
B29: 0 | D29: حركة الصندوق ل.ل | F29: {=INDIRECT("'"&$A$19&"'!J20")+J1} -> -2275 | H29: سحب | I29: من الحاج | J29: 2000 | L29: ='17-04'!$K29+('17-04'!$J29/90) -> 22.222222 | Q29: حركة الصندوق ل.ل | S29: =SUM('17-04'!$J$22:$J$135) -> 4880
A30: حركة الصندوق $ | C30: {=INDIRECT("'"&$A$19&"'!K20")+K1} -> 223 | H30: بيع | I30: قنينة سوداي | J30: -100 | K30: 10 | L30: ='17-04'!$K30+('17-04'!$J30/90) -> 8.8888889 | N30: حركة الصندوق $ | P30: =SUM('17-04'!$K$22:$K$135) -> 1342
D31: الفرق | F31: {=F27-F29-INDIRECT("'"&$A$19&"'!f27")} -> 0 | H31: سحب | I31: لابراهيم باقي قيمة رزيستنس | J31: 200 | K31: -40 | L31: ='17-04'!$K31+('17-04'!$J31/90) -> -37.777778 | Q31: الفرق | S31: =S27-S29-F27 -> -895
A32: الفرق | C32: {=C28-C30-INDIRECT("'"&$A$19&"'!c28")} -> 0 | H32: بيع | I32: مسكة شطافة | J32: -100 | K32: 5 | L32: ='17-04'!$K32+('17-04'!$J32/90) -> 3.8888889 | N32: الفرق | P32: =P28-P30-C28 -> -490
H33: بيع | I33: ورق حف | J33: 30 | L33: ='17-04'!$K33+('17-04'!$J33/90) -> 0.33333333
H34: بيع | I34: ايزي إيطالي | J34: 135 | L34: ='17-04'!$K34+('17-04'!$J34/90) -> 1.5
H35: بيع | I35: مجمو شطافة كروم | J35: -100 | K35: 5 | L35: ='17-04'!$K35+('17-04'!$J35/90) -> 3.8888889
H36: بيع | I36: غطاء 2020 | J36: -200 | K36: 10 | L36: ='17-04'!$K36+('17-04'!$J36/90) -> 7.7777778
H37: بيع | I37: ترابة بيضاء | J37: 100 | L37: ='17-04'!$K37+('17-04'!$J37/90) -> 1.1111111
H38: بيع | I38: ايزي وصباب | J38: -300 | K38: 20 | L38: ='17-04'!$K38+('17-04'!$J38/90) -> 16.666667
H39: بيع | L39: ='17-04'!$K39+('17-04'!$J39/90) -> 0
H40: بيع | I40: طابة إيطالي | J40: 180 | K40: 5 | L40: ='17-04'!$K40+('17-04'!$J40/90) -> 7
H41: بيع | I41: نربيج زراعي 1 | J41: 200 | L41: ='17-04'!$K41+('17-04'!$J41/90) -> 2.2222222
H42: بيع | I42: غطاء خزان نصار | J42: 500 | L42: ='17-04'!$K42+('17-04'!$J42/90) -> 5.5555556
H43: بيع | I43: وصل بلاستيك | J43: 100 | L43: ='17-04'!$K43+('17-04'!$J43/90) -> 1.1111111
H44: مصاريف | I44: كهرباء المحل | K44: -39 | L44: ='17-04'!$K44+('17-04'!$J44/90) -> -39
H45: بيع | I45: بلاستيك 1/2 | J45: -100 | K45: 19 | L45: ='17-04'!$K45+('17-04'!$J45/90) -> 17.888889
H46: بيع | I46: محمود سلامة | J46: 340 | L46: ='17-04'!$K46+('17-04'!$J46/90) -> 3.7777778
H47: بيع | I47: 3M | K47: 16 | L47: ='17-04'!$K47+('17-04'!$J47/90) -> 16
H48: بيع | I48: ريغار 15*15 وقسطل | J48: 50 | K48: 21 | L48: ='17-04'!$K48+('17-04'!$J48/90) -> 21.555556
H49: بيع | I49: مع الحاج | K49: 140 | L49: ='17-04'!$K49+('17-04'!$J49/90) -> 140
H50: بيع | I50: مع الحاج | K50: 75 | L50: ='17-04'!$K50+('17-04'!$J50/90) -> 75
H51: بيع | I51: مع الحاج | K51: 39 | L51: ='17-04'!$K51+('17-04'!$J51/90) -> 39
H52: سحب | I52: مع الحاج | K52: -254 | L52: ='17-04'!$K52+('17-04'!$J52/90) -> -254
H53: بيع | I53: غطاء 15*15 برونزو | K53: 14 | L53: ='17-04'!$K53+('17-04'!$J53/90) -> 14
H54: بيع | I54: غطاء | J54: 270 | K54: 5 | L54: ='17-04'!$K54+('17-04'!$J54/90) -> 8
H55: بيع | I55: فاتورة مبيع | J55: 180 | K55: 70 | L55: ='17-04'!$K55+('17-04'!$J55/90) -> 72
H56: بيع | I56: موتير 1.36 داب | K56: 110 | L56: ='17-04'!$K56+('17-04'!$J56/90) -> 110
H57: بيع | I57: قطع وصل تلحيم | J57: 180 | K57: 10 | L57: ='17-04'!$K57+('17-04'!$J57/90) -> 12
H58: بيع | I58: كاتو | J58: 180 | L58: ='17-04'!$K58+('17-04'!$J58/90) -> 2
H59: بيع | I59: شطافتين إيطالي | J59: 270 | K59: 10 | L59: ='17-04'!$K59+('17-04'!$J59/90) -> 13
H60: بيع | I60: وسام شقير كهرباء | K60: 5 | L60: ='17-04'!$K60+('17-04'!$J60/90) -> 5
H61: بيع | I61: مع الحاج | K61: 67 | L61: ='17-04'!$K61+('17-04'!$J61/90) -> 67
H62: بيع | J62: 120 | K62: 1 | L62: ='17-04'!$K62+('17-04'!$J62/90) -> 2.3333333
H63: سحب | I63: مع الحاج | K63: -67 | L63: ='17-04'!$K63+('17-04'!$J63/90) -> -67
H64: بيع | I64: خالد العلي | K64: 585 | L64: ='17-04'!$K64+('17-04'!$J64/90) -> 585
H65: سحب | I65: مع الحاج | K65: -585 | L65: ='17-04'!$K65+('17-04'!$J65/90) -> -585
H66: بيع | I66: موتير ليو | K66: 34 | L66: ='17-04'!$K66+('17-04'!$J66/90) -> 34
H67: بيع | I67: للسفارة تلزيق | K67: -17 | L67: ='17-04'!$K67+('17-04'!$J67/90) -> -17
H68: بيع | I68: رزيستنس | K68: 10 | L68: ='17-04'!$K68+('17-04'!$J68/90) -> 10
H69: بيع | I69: غطاء 2020 | K69: 8 | L69: ='17-04'!$K69+('17-04'!$J69/90) -> 8
H70: بيع | I70: نربيج 3/8 بعزقة نحاس | K70: 24 | L70: ='17-04'!$K70+('17-04'!$J70/90) -> 24
H71: بيع | I71: شطافة | J71: -180 | K71: 15 | L71: ='17-04'!$K71+('17-04'!$J71/90) -> 13
H72: بيع | I72: بجوان ريغار | J72: 50 | L72: ='17-04'!$K72+('17-04'!$J72/90) -> 0.55555556
H73: بيع | I73: جلدة ريغار | J73: -110 | K73: 5 | L73: ='17-04'!$K73+('17-04'!$J73/90) -> 3.7777778
H74: بيع | I74: كوع فاتح 3/4 | J74: -300 | K74: 5 | L74: ='17-04'!$K74+('17-04'!$J74/90) -> 1.6666667
H75: بيع | I75: شطافة ماليزي | J75: -50 | K75: 5 | L75: ='17-04'!$K75+('17-04'!$J75/90) -> 4.4444444
H76: بيع | I76: برس كونترول | K76: 25 | L76: ='17-04'!$K76+('17-04'!$J76/90) -> 25
H77: بيع | I77: خلاط SDS | J77: 600 | L77: ='17-04'!$K77+('17-04'!$J77/90) -> 6.6666667
H78: بيع | I78: فرق رزيستنس | J78: 195 | L78: ='17-04'!$K78+('17-04'!$J78/90) -> 2.1666667
H79: بيع | I79: صباب كبس | J79: 350 | L79: ='17-04'!$K79+('17-04'!$J79/90) -> 3.8888889
H80: بيع | I80: نحاته | J80: 70 | L80: ='17-04'!$K80+('17-04'!$J80/90) -> 0.77777778
H81: بيع | I81: سكر زاوية ونربيج | K81: 5 | L81: ='17-04'!$K81+('17-04'!$J81/90) -> 5
H82: بيع | I82: قنينة | J82: -270 | K82: 110 | L82: ='17-04'!$K82+('17-04'!$J82/90) -> 107
H83: بيع | I83: مطابقة | K83: 46 | L83: ='17-04'!$K83+('17-04'!$J83/90) -> 46 | N83: مطابق | P83: 2286 | S83: 6230
H84: سحب | I84: من الحاج | J84: 2000 | L84: ='17-04'!$K84+('17-04'!$J84/90) -> 22.222222
H85: مصاريف | I85: بنزين أبو هيثم | J85: -2000 | L85: ='17-04'!$K85+('17-04'!$J85/90) -> -22.222222
H86: بيع | I86: مسكة شطافة + نربيج | J86: 600 | L86: ='17-04'!$K86+('17-04'!$J86/90) -> 6.6666667
H87: بيع | I87: تلزيق نايلون | J87: 440 | K87: 10 | L87: ='17-04'!$K87+('17-04'!$J87/90) -> 14.888889
H88: بيع | I88: كاتو | J88: -100 | K88: 15 | L88: ='17-04'!$K88+('17-04'!$J88/90) -> 13.888889
H89: بيع | J89: 200 | L89: ='17-04'!$K89+('17-04'!$J89/90) -> 2.2222222
H90: بيع | I90: خلاط | K90: 45 | L90: ='17-04'!$K90+('17-04'!$J90/90) -> 45
H91: بيع | I91: رزيستنس | K91: 8 | L91: ='17-04'!$K91+('17-04'!$J91/90) -> 8
H92: بيع | I92: تعليقة كباية | J92: -300 | K92: 10 | L92: ='17-04'!$K92+('17-04'!$J92/90) -> 6.6666667
H93: مصاريف | I93: بنزين عبد | J93: -300 | L93: ='17-04'!$K93+('17-04'!$J93/90) -> -3.3333333
H94: بيع | I94: غالون هاي | J94: -50 | L94: ='17-04'!$K94+('17-04'!$J94/90) -> -0.55555556
H95: بيع | I95: تفلون | J95: 70 | L95: ='17-04'!$K95+('17-04'!$J95/90) -> 0.77777778
H96: بيع | I96: نايلون سميك | K96: 10 | L96: ='17-04'!$K96+('17-04'!$J96/90) -> 10
H97: مصاريف | I97: إبراهيم الحوت | K97: -100 | L97: ='17-04'!$K97+('17-04'!$J97/90) -> -100
H98: بيع | I98: أبو عبدو | J98: 440 | L98: ='17-04'!$K98+('17-04'!$J98/90) -> 4.8888889
H99: بيع | I99: أبو عبدو | J99: 300 | L99: ='17-04'!$K99+('17-04'!$J99/90) -> 3.3333333
H100: بيع | I100: براغي | J100: 20 | L100: ='17-04'!$K100+('17-04'!$J100/90) -> 0.22222222
...

Sheet 18-04
I1: حركة الصندوق | J1: =SUM(J3:J18) -> -125 | K1: =SUM(K3:K18) -> 266 | L1: =SUM(L3:L18) -> 264.61111
H2: العملية | I2: البيان | J2: اللبناني | K2: الدولار | L2: مبيع $
H3: بيع | J3: 100 | L3: =K3+(J3/90) -> 1.1111111
H4: بيع | K4: 15 | L4: =K4+(J4/90) -> 15
H5: بيع | K5: 233 | L5: =K5+(J5/90) -> 233
H6: بيع | J6: -225 | L6: =K6+(J6/90) -> -2.5
H7: بيع | K7: 10 | L7: =K7+(J7/90) -> 10
H8: بيع | K8: 8 | L8: =K8+(J8/90) -> 8
H9: بيع | L9: =K9+(J9/90) -> 0
H10: بيع | L10: =K10+(J10/90) -> 0
H11: بيع | L11: =K11+(J11/90) -> 0
H12: بيع | L12: =K12+(J12/90) -> 0
H13: بيع | L13: =K13+(J13/90) -> 0
H14: بيع | L14: =K14+(J14/90) -> 0
H15: بيع | L15: =K15+(J15/90) -> 0
H16: بيع | L16: =K16+(J16/90) -> 0
H17: بيع | L17: =K17+(J17/90) -> 0
A18: رصيد قديم من تاريخ | H18: بيع | L18: =K18+(J18/90) -> 0
A19: 17-04
A20: جرد اول النهار | I20: حركة الصندوق | J20: =SUM('18-04'!$J$22:$J$121) -> -3980 | K20: =SUM('18-04'!$K$22:$K$121) -> -2218 | L20: =SUM('18-04'!$L$22:$L$121) -> -2262.2222 | N20: جرد اخر النهار
A21: الفئة دولار | B21: العدد | C21: المجموع | D21: الفئة لبناني | E21: العدد | F21: المجموع | H21: العملية | I21: البيان | J21: اللبناني | K21: الدولار | L21: مبيع $ | N21: الفئة دولار | O21: العدد | P21: المجموع | Q21: الفئة لبناني | R21: العدد | S21: المجموع
A22: 1 | B22: 2 | C22: =A22*B22 -> 2 | D22: 5 | E22: 30 | F22: =D22*E22 -> 150 | H22: بيع | I22: ترابة سوداء | J22: 50 | L22: ='18-04'!$K22+('18-04'!$J22/90) -> 0.55555556 | N22: 1 | O22: 4 | P22: =N22*O22 -> 4 | Q22: 5 | R22: 30 | S22: =Q22*R22 -> 150
A23: 5 | B23: 6 | C23: =A23*B23 -> 30 | D23: 10 | E23: 33 | F23: =D23*E23 -> 330 | H23: بيع | I23: ايزي وصباب | J23: 350 | L23: ='18-04'!$K23+('18-04'!$J23/90) -> 3.8888889 | N23: 5 | O23: 5 | P23: =N23*O23 -> 25 | Q23: 10 | R23: 20 | S23: =Q23*R23 -> 200
A24: 10 | B24: 47 | C24: =A24*B24 -> 470 | D24: 20 | E24: 1 | F24: =D24*E24 -> 20 | H24: بيع | I24: رف وبراغي | K24: 11 | L24: ='18-04'!$K24+('18-04'!$J24/90) -> 11 | N24: 10 | O24: 58 | P24: =N24*O24 -> 580 | Q24: 20 | R24: 1 | S24: =Q24*R24 -> 20
A25: 20 | B25: 22 | C25: =A25*B25 -> 440 | D25: 50 | F25: =D25*E25 -> 0 | H25: بيع | I25: خزان 300 عدد 2 | J25: 1000 | K25: 120 | L25: ='18-04'!$K25+('18-04'!$J25/90) -> 131.11111 | N25: 20 | O25: 19 | P25: =N25*O25 -> 380 | Q25: 50 | R25: 4 | S25: =Q25*R25 -> 200
A26: 50 | B26: 4 | C26: =A26*B26 -> 200 | D26: 100 | E26: 65 | F26: =D26*E26 -> 6500 | H26: سحب | I26: علي قبيسي | K26: -670 | L26: ='18-04'!$K26+('18-04'!$J26/90) -> -670 | N26: 50 | O26: 1 | P26: =N26*O26 -> 50 | Q26: 100 | R26: 65 | S26: =Q26*R26 -> 6500
A27: 100 | B27: 19 | C27: =A27*B27 -> 1900 | D27: المجموع | F27: =SUM(F22:F26) -> 7000 | H27: بيع | I27: حنفية غسالة | J27: 200 | L27: ='18-04'!$K27+('18-04'!$J27/90) -> 2.2222222 | N27: 100 | O27: 25 | P27: =N27*O27 -> 2500 | Q27: المجموع | S27: =SUM(S22:S26) -> 7070
A28: المجموع | C28: =SUM(C22:C27) -> 3042 | H28: بيع | I28: مسكة شطافة | J28: 100 | L28: ='18-04'!$K28+('18-04'!$J28/90) -> 1.1111111 | N28: المجموع | P28: =SUM(P22:P27) -> 3539
B29: 0 | D29: حركة الصندوق ل.ل | F29: {=INDIRECT("'"&$A$19&"'!J20")+J1} -> 4755 | H29: بيع | I29: نايون وتلزيق عريض | J29: -480 | K29: 10 | L29: ='18-04'!$K29+('18-04'!$J29/90) -> 4.6666667 | Q29: حركة الصندوق ل.ل | S29: =SUM('18-04'!$J$22:$J$121) -> -3980
A30: حركة الصندوق $ | C30: {=INDIRECT("'"&$A$19&"'!K20")+K1} -> 1608 | H30: بيع | I30: مسكة شطافة | J30: 300 | L30: ='18-04'!$K30+('18-04'!$J30/90) -> 3.3333333 | N30: حركة الصندوق $ | P30: =SUM('18-04'!$K$22:$K$121) -> -2218
D31: الفرق | F31: {=F27-F29-INDIRECT("'"&$A$19&"'!f27")} -> 0 | H31: سحب | I31: للحاج | K31: -5 | L31: ='18-04'!$K31+('18-04'!$J31/90) -> -5 | Q31: الفرق | S31: =S27-S29-F27 -> 4050
A32: الفرق | C32: {=C28-C30-INDIRECT("'"&$A$19&"'!c28")} -> 0 | H32: بيع | I32: فاتورة | J32: 150 | L32: ='18-04'!$K32+('18-04'!$J32/90) -> 1.6666667 | N32: الفرق | P32: =P28-P30-C28 -> 2715
H33: بيع | I33: ابو حسين فرق الخزانات | K33: 24 | L33: ='18-04'!$K33+('18-04'!$J33/90) -> 24
H34: بيع | I34: محمد الاسمر | K34: 308 | L34: ='18-04'!$K34+('18-04'!$J34/90) -> 308
H35: بيع | I35: فادي جواد | J35: -180 | K35: 20 | L35: ='18-04'!$K35+('18-04'!$J35/90) -> 18
H36: بيع | I36: تفلون | J36: 90 | L36: ='18-04'!$K36+('18-04'!$J36/90) -> 1
H37: بيع | I37: حريري | J37: 1400 | L37: ='18-04'!$K37+('18-04'!$J37/90) -> 15.555556
H38: بيع | I38: كوع ثابت 18 | J38: 225 | L38: ='18-04'!$K38+('18-04'!$J38/90) -> 2.5
H39: بيع | I39: طبوش | K39: 27 | L39: ='18-04'!$K39+('18-04'!$J39/90) -> 27
H40: بيع | I40: تلزيق 1/2 | J40: 450 | L40: ='18-04'!$K40+('18-04'!$J40/90) -> 5
H41: بيع | I41: اكياس ردم | J41: 200 | L41: ='18-04'!$K41+('18-04'!$J41/90) -> 2.2222222
H42: بيع | I42: كفوف | J42: 200 | L42: ='18-04'!$K42+('18-04'!$J42/90) -> 2.2222222
H43: بيع | I43: ترابة بيضاء وايزي | J43: =300-15 -> 285 | L43: ='18-04'!$K43+('18-04'!$J43/90) -> 3.1666667
H44: سحب | I44: مشتريات موتير | K44: -175 | L44: ='18-04'!$K44+('18-04'!$J44/90) -> -175
H45: بيع | I45: سكر زاوية | J45: -110 | K45: 10 | L45: ='18-04'!$K45+('18-04'!$J45/90) -> 8.7777778
H46: بيع | I46: حبل غسيل | J46: 400 | L46: ='18-04'!$K46+('18-04'!$J46/90) -> 4.4444444
H47: بيع | I47: خلاط مغسلة برم | J47: -180 | K47: 20 | L47: ='18-04'!$K47+('18-04'!$J47/90) -> 18
H48: بيع | I48: احمد القيسي | J48: -540 | L48: ='18-04'!$K48+('18-04'!$J48/90) -> -6
H49: بيع | I49: سكر إيطالي | K49: 5 | L49: ='18-04'!$K49+('18-04'!$J49/90) -> 5
H50: بيع | I50: قطرون | J50: -270 | K50: 5 | L50: ='18-04'!$K50+('18-04'!$J50/90) -> 2
H51: بيع | I51: شطافة | J51: 300 | L51: ='18-04'!$K51+('18-04'!$J51/90) -> 3.3333333
H52: بيع | I52: التيكو | J52: 40 | L52: ='18-04'!$K52+('18-04'!$J52/90) -> 0.44444444
H53: بيع | I53: طابة سوداء | J53: 100 | L53: ='18-04'!$K53+('18-04'!$J53/90) -> 1.1111111
H54: بيع | I54: حنفية غلة | K54: 5 | L54: ='18-04'!$K54+('18-04'!$J54/90) -> 5
H55: بيع | I55: براغي ورندال | J55: 50 | L55: ='18-04'!$K55+('18-04'!$J55/90) -> 0.55555556
H56: بيع | I56: بلال الشيخ | J56: 400 | K56: 102 | L56: ='18-04'!$K56+('18-04'!$J56/90) -> 106.44444
H57: بيع | I57: خزان | K57: 75 | L57: ='18-04'!$K57+('18-04'!$J57/90) -> 75
H58: بيع | I58: بلال مكداشي | K58: 88 | L58: ='18-04'!$K58+('18-04'!$J58/90) -> 88
H59: بيع | I59: مرتجع | J59: -350 | L59: ='18-04'!$K59+('18-04'!$J59/90) -> -3.8888889
H60: بيع | I60: مرتجع بلال مكداشي | K60: -22 | L60: ='18-04'!$K60+('18-04'!$J60/90) -> -22
H61: بيع | I61: فاتورة بسام | K61: 95 | L61: ='18-04'!$K61+('18-04'!$J61/90) -> 95
H62: بيع | I62: فاتورة بسام | J62: -150 | K62: 5 | L62: ='18-04'!$K62+('18-04'!$J62/90) -> 3.3333333
H63: بيع | I63: قطرون | J63: 350 | L63: ='18-04'!$K63+('18-04'!$J63/90) -> 3.8888889
H64: بيع | I64: إبراهيم شميطلي | J64: 500 | L64: ='18-04'!$K64+('18-04'!$J64/90) -> 5.5555556
H65: بيع | I65: طبوش | K65: 14 | L65: ='18-04'!$K65+('18-04'!$J65/90) -> 14
H66: بيع | I66: رزيستنس فدار | J66: 90 | K66: 6 | L66: ='18-04'!$K66+('18-04'!$J66/90) -> 7
H67: بيع | I67: موتير نص ليو | J67: 400 | K67: 30 | L67: ='18-04'!$K67+('18-04'!$J67/90) -> 34.444444
H68: بيع | I68: حنفية غلة | J68: 300 | L68: ='18-04'!$K68+('18-04'!$J68/90) -> 3.3333333
H69: بيع | I69: علي ايبو | K69: 24 | L69: ='18-04'!$K69+('18-04'!$J69/90) -> 24
H70: بيع | I70: مع الحاج | K70: 708 | L70: ='18-04'!$K70+('18-04'!$J70/90) -> 708
H71: سحب | I71: مع الحاج | K71: -708 | L71: ='18-04'!$K71+('18-04'!$J71/90) -> -708
H72: بيع | I72: التيكو | J72: 250 | L72: ='18-04'!$K72+('18-04'!$J72/90) -> 2.7777778
H73: بيع | I73: موتير 3/4 ليو واغراض | K73: 79 | L73: ='18-04'!$K73+('18-04'!$J73/90) -> 79
H74: بيع | I74: سكر زاوية | K74: 5 | L74: ='18-04'!$K74+('18-04'!$J74/90) -> 5
H75: بيع | I75: خالد الحموي | K75: 5 | L75: ='18-04'!$K75+('18-04'!$J75/90) -> 5
H76: بيع | I76: موتير 1.36 داب | K76: 110 | L76: ='18-04'!$K76+('18-04'!$J76/90) -> 110
H77: بيع | I77: فاتورة | J77: 100 | L77: ='18-04'!$K77+('18-04'!$J77/90) -> 1.1111111
H78: بيع | I78: سيليكون | J78: 180 | L78: ='18-04'!$K78+('18-04'!$J78/90) -> 2
H79: بيع | I79: نبيل جلول | K79: 88 | L79: ='18-04'!$K79+('18-04'!$J79/90) -> 88
H80: سحب | I80: للحاج | K80: -10 | L80: ='18-04'!$K80+('18-04'!$J80/90) -> -10
H81: بيع | I81: نربيج شفاف | J81: -210 | K81: 10 | L81: ='18-04'!$K81+('18-04'!$J81/90) -> 7.6666667
H82: بيع | K82: 20 | L82: ='18-04'!$K82+('18-04'!$J82/90) -> 20
H83: سحب | I83: مع الحاج | J83: -5000 | L83: ='18-04'!$K83+('18-04'!$J83/90) -> -55.555556
H84: بيع | I84: سكر غروهي | J84: 100 | K84: 5 | L84: ='18-04'!$K84+('18-04'!$J84/90) -> 6.1111111
H85: بيع | I85: ديمول مع ريحة | J85: 400 | L85: ='18-04'!$K85+('18-04'!$J85/90) -> 4.4444444
H86: بيع | I86: زياد عيتاني | J86: -400 | K86: 10 | L86: ='18-04'!$K86+('18-04'!$J86/90) -> 5.5555556
H87: بيع | I87: خرضوات الفاتح | K87: 100 | L87: ='18-04'!$K87+('18-04'!$J87/90) -> 100
H88: بيع | I88: مع الحاج | K88: 80 | L88: ='18-04'!$K88+('18-04'!$J88/90) -> 80
H89: سحب | I89: مع الحاج | K89: -80 | L89: ='18-04'!$K89+('18-04'!$J89/90) -> -80
H90: بيع | I90: احمد حبله | J90: -500 | K90: 10 | L90: ='18-04'!$K90+('18-04'!$J90/90) -> 4.4444444
H91: بيع | I91: احمد حبله | J91: -250 | K91: 5 | L91: ='18-04'!$K91+('18-04'!$J91/90) -> 2.2222222
H92: بيع | I92: مطابقة | J92: -270 | K92: -72 | L92: ='18-04'!$K92+('18-04'!$J92/90) -> -75 | P92: 3539 | S92: 7070
H93: بيع | I93: احمد الديري | K93: 40 | L93: ='18-04'!$K93+('18-04'!$J93/90) -> 40
H94: بيع | I94: عمر فحام | K94: 20 | L94: ='18-04'!$K94+('18-04'!$J94/90) -> 20
H95: مصاريف | I95: بنزين عبد | J95: -300 | L95: ='18-04'!$K95+('18-04'!$J95/90) -> -3.3333333
H96: بيع | I96: مسكة شطافة تركي | J96: -200 | K96: 5 | L96: ='18-04'!$K96+('18-04'!$J96/90) -> 2.7777778
H97: بيع | I97: حسين الحلاق | K97: 27 | L97: ='18-04'!$K97+('18-04'!$J97/90) -> 27
H98: بيع | I98: احمد أيوب | J98: -600 | L98: ='18-04'!$K98+('18-04'!$J98/90) -> -6.6666667
H99: بيع | I99: طابة كهرباء | K99: 7 | L99: ='18-04'!$K99+('18-04'!$J99/90) -> 7
H100: بيع | I100: حنفية غسالة | J100: 250 | L100: ='18-04'!$K100+('18-04'!$J100/90) -> 2.7777778
...

Sheet 20-04
I1: حركة الصندوق | J1: =SUM(J3:J18) -> 415 | K1: =SUM(K3:K18) -> 80 | L1: =SUM(L3:L18) -> 84.611111
H2: العملية | I2: البيان | J2: اللبناني | K2: الدولار | L2: مبيع $
H3: مصاريف | I3: كبايات | J3: -125 | L3: =K3+(J3/90) -> -1.3888889
H4: بيع | J4: 540 | L4: =K4+(J4/90) -> 6
H5: بيع | K5: 80 | L5: =K5+(J5/90) -> 80
H6: بيع | L6: =K6+(J6/90) -> 0
H7: بيع | L7: =K7+(J7/90) -> 0
H8: بيع | L8: =K8+(J8/90) -> 0
H9: بيع | L9: =K9+(J9/90) -> 0
H10: بيع | L10: =K10+(J10/90) -> 0
H11: بيع | L11: =K11+(J11/90) -> 0
H12: بيع | L12: =K12+(J12/90) -> 0
H13: بيع | L13: =K13+(J13/90) -> 0
H14: بيع | L14: =K14+(J14/90) -> 0
H15: بيع | L15: =K15+(J15/90) -> 0
H16: بيع | L16: =K16+(J16/90) -> 0
H17: بيع | L17: =K17+(J17/90) -> 0
A18: رصيد قديم من تاريخ | H18: بيع | L18: =K18+(J18/90) -> 0
A19: 18-04
A20: جرد اول النهار | I20: حركة الصندوق | J20: =SUM('20-04'!$J$22:$J$156) -> 6380 | K20: =SUM('20-04'!$K$22:$K$156) -> 2517 | L20: =SUM('20-04'!$L$22:$L$156) -> 2587.8889 | N20: جرد اخر النهار
A21: الفئة دولار | B21: العدد | C21: المجموع | D21: الفئة لبناني | E21: العدد | F21: المجموع | H21: العملية | I21: البيان | J21: اللبناني | K21: الدولار | L21: مبيع $ | N21: الفئة دولار | O21: العدد | P21: المجموع | Q21: الفئة لبناني | R21: العدد | S21: المجموع
A22: 1 | B22: 4 | C22: =A22*B22 -> 4 | D22: 5 | E22: 29 | F22: =D22*E22 -> 145 | H22: بيع | I22: خلاط دوش ومجموعة | K22: 23 | L22: ='20-04'!$K22+('20-04'!$J22/90) -> 23 | N22: 1 | O22: 1 | P22: =N22*O22 -> 1 | Q22: 5 | R22: 21 | S22: =Q22*R22 -> 105
A23: 5 | B23: 6 | C23: =A23*B23 -> 30 | D23: 10 | E23: 19 | F23: =D23*E23 -> 190 | H23: سحب | I23: مع الحاج | K23: -100 | L23: ='20-04'!$K23+('20-04'!$J23/90) -> -100 | N23: 5 | O23: 10 | P23: =N23*O23 -> 50 | Q23: 10 | R23: 45 | S23: =Q23*R23 -> 450
A24: 10 | B24: 57 | C24: =A24*B24 -> 570 | D24: 20 | F24: =D24*E24 -> 0 | H24: بيع | I24: باكس 20 | K24: 10 | L24: ='20-04'!$K24+('20-04'!$J24/90) -> 10 | N24: 10 | O24: 51 | P24: =N24*O24 -> 510 | Q24: 20 | R24: 6 | S24: =Q24*R24 -> 120
A25: 20 | B25: 10 | C25: =A25*B25 -> 200 | D25: 50 | E25: 2 | F25: =D25*E25 -> 100 | H25: بيع | I25: براغي | J25: 150 | L25: ='20-04'!$K25+('20-04'!$J25/90) -> 1.6666667 | N25: 20 | O25: 15 | P25: =N25*O25 -> 300 | Q25: 50 | R25: 4 | S25: =Q25*R25 -> 200
A26: 50 | C26: =A26*B26 -> 0 | D26: 100 | E26: 30 | F26: =D26*E26 -> 3000 | H26: بيع | I26: براغي | J26: 450 | L26: ='20-04'!$K26+('20-04'!$J26/90) -> 5 | N26: 50 | O26: 4 | P26: =N26*O26 -> 200 | Q26: 100 | R26: 98 | S26: =Q26*R26 -> 9800
A27: 100 | B27: 1 | C27: =A27*B27 -> 100 | D27: المجموع | F27: =SUM(F22:F26) -> 3435 | H27: بيع | I27: ارلبة بيضاء | J27: 100 | L27: ='20-04'!$K27+('20-04'!$J27/90) -> 1.1111111 | N27: 100 | O27: 23 | P27: =N27*O27 -> 2300 | Q27: المجموع | S27: =SUM(S22:S26) -> 10675
A28: المجموع | C28: =SUM(C22:C27) -> 904 | H28: بيع | I28: متر | J28: 200 | L28: ='20-04'!$K28+('20-04'!$J28/90) -> 2.2222222 | N28: المجموع | P28: =SUM(P22:P27) -> 3361
B29: 0 | D29: حركة الصندوق ل.ل | F29: {=INDIRECT("'"&$A$19&"'!J20")+J1} -> -3565 | H29: بيع | I29: حنفية غلة | J29: -135 | K29: 5 | L29: ='20-04'!$K29+('20-04'!$J29/90) -> 3.5 | Q29: حركة الصندوق ل.ل | S29: =SUM('20-04'!$J$22:$J$156) -> 6380
A30: حركة الصندوق $ | C30: {=INDIRECT("'"&$A$19&"'!K20")+K1} -> -2138 | H30: بيع | I30: فاتورة | K30: 408 | L30: ='20-04'!$K30+('20-04'!$J30/90) -> 408 | N30: حركة الصندوق $ | P30: =SUM('20-04'!$K$22:$K$156) -> 2517
D31: الفرق | F31: {=F27-F29-INDIRECT("'"&$A$19&"'!f27")} -> 0 | H31: بيع | I31: فاروق حوسو | K31: 494 | L31: ='20-04'!$K31+('20-04'!$J31/90) -> 494 | Q31: الفرق | S31: =S27-S29-F27 -> 860
A32: الفرق | C32: {=C28-C30-INDIRECT("'"&$A$19&"'!c28")} -> 0 | H32: مصاريف | I32: أوراق | J32: -925 | L32: ='20-04'!$K32+('20-04'!$J32/90) -> -10.277778 | N32: الفرق | P32: =P28-P30-C28 -> -60
H33: سحب | I33: مع الحاج | K33: -10 | L33: ='20-04'!$K33+('20-04'!$J33/90) -> -10
H34: بيع | I34: بلاستيك | J34: 130 | K34: 40 | L34: ='20-04'!$K34+('20-04'!$J34/90) -> 41.444444
H35: بيع | I35: تنفيسة وايزي وصباب | J35: -45 | K35: 15 | L35: ='20-04'!$K35+('20-04'!$J35/90) -> 14.5
H36: بيع | I36: تيج ورول بول | J36: -400 | K36: 10 | L36: ='20-04'!$K36+('20-04'!$J36/90) -> 5.5555556
H37: بيع | I37: ترابة سوداء | J37: -270 | K37: 10 | L37: ='20-04'!$K37+('20-04'!$J37/90) -> 7
H38: بيع | I38: مسكة شطافة م.غروهي | J38: 300 | L38: ='20-04'!$K38+('20-04'!$J38/90) -> 3.3333333
H39: بيع | I39: كوع وتيه تلحيم 32 | J39: 360 | L39: ='20-04'!$K39+('20-04'!$J39/90) -> 4
H40: بيع | J40: 100 | L40: ='20-04'!$K40+('20-04'!$J40/90) -> 1.1111111
H41: بيع | J41: 350 | L41: ='20-04'!$K41+('20-04'!$J41/90) -> 3.8888889
H42: بيع | J42: 130 | L42: ='20-04'!$K42+('20-04'!$J42/90) -> 1.4444444
H43: بيع | I43: طابة اتوماتيك 2 | J43: -180 | K43: 10 | L43: ='20-04'!$K43+('20-04'!$J43/90) -> 8
H44: بيع | I44: دلاية وقفل | J44: -430 | K44: 10 | L44: ='20-04'!$K44+('20-04'!$J44/90) -> 5.2222222
H45: بيع | I45: فرق جوان | J45: 25 | L45: ='20-04'!$K45+('20-04'!$J45/90) -> 0.27777778
H46: بيع | I46: ورق حف | J46: 100 | L46: ='20-04'!$K46+('20-04'!$J46/90) -> 1.1111111
H47: بيع | I47: رمل وترابة | J47: -220 | K47: 10 | L47: ='20-04'!$K47+('20-04'!$J47/90) -> 7.5555556
H48: بيع | I48: خلاط مغسلة | J48: -270 | K48: 20 | L48: ='20-04'!$K48+('20-04'!$J48/90) -> 17
H49: بيع | I49: نربيج دوش وسبراي | J49: -180 | K49: 10 | L49: ='20-04'!$K49+('20-04'!$J49/90) -> 8
H50: بيع | I50: ترابة سريعة وتلزيق | J50: -180 | K50: 10 | L50: ='20-04'!$K50+('20-04'!$J50/90) -> 8
H51: بيع | I51: مرتجع دلاية | J51: -300 | L51: ='20-04'!$K51+('20-04'!$J51/90) -> -3.3333333
H52: بيع | I52: محمد اسعد | J52: -180 | K52: 70 | L52: ='20-04'!$K52+('20-04'!$J52/90) -> 68
H53: بيع | J53: 50 | L53: ='20-04'!$K53+('20-04'!$J53/90) -> 0.55555556
H54: بيع | I54: مرتجع مع الحاج | K54: -25 | L54: ='20-04'!$K54+('20-04'!$J54/90) -> -25
H55: بيع | I55: مع الحاج | K55: 35 | L55: ='20-04'!$K55+('20-04'!$J55/90) -> 35
H56: سحب | I56: مع الحاج | K56: -35 | L56: ='20-04'!$K56+('20-04'!$J56/90) -> -35
H57: بيع | J57: 120 | L57: ='20-04'!$K57+('20-04'!$J57/90) -> 1.3333333
H58: بيع | I58: مرتجع أبو علي قازان | J58: -675 | L58: ='20-04'!$K58+('20-04'!$J58/90) -> -7.5
H59: بيع | I59: فرق قفل | J59: 420 | L59: ='20-04'!$K59+('20-04'!$J59/90) -> 4.6666667
H60: بيع | I60: محمد الأسمر | J60: -135 | K60: 15 | L60: ='20-04'!$K60+('20-04'!$J60/90) -> 13.5
H61: بيع | J61: 320 | L61: ='20-04'!$K61+('20-04'!$J61/90) -> 3.5555556
H62: بيع | I62: الصانع | K62: 40 | L62: ='20-04'!$K62+('20-04'!$J62/90) -> 40
H63: بيع | J63: 270 | L63: ='20-04'!$K63+('20-04'!$J63/90) -> 3
H64: بيع | I64: تعليقة ورق | J64: 575 | L64: ='20-04'!$K64+('20-04'!$J64/90) -> 6.3888889
H65: بيع | I65: صباب وايزي وجوان | J65: -340 | K65: 10 | L65: ='20-04'!$K65+('20-04'!$J65/90) -> 6.2222222
H66: بيع | I66: شطافة وايزي | K66: 15 | L66: ='20-04'!$K66+('20-04'!$J66/90) -> 15
H67: بيع | I67: موتير ليو حصان | K67: 65 | L67: ='20-04'!$K67+('20-04'!$J67/90) -> 65
H68: بيع | I68: بور زون | K68: 100 | L68: ='20-04'!$K68+('20-04'!$J68/90) -> 100
H69: بيع | I69: نربيج شطافة ودوش | J69: -100 | K69: 10 | L69: ='20-04'!$K69+('20-04'!$J69/90) -> 8.8888889
H70: بيع | I70: عدنان | K70: -15 | L70: ='20-04'!$K70+('20-04'!$J70/90) -> -15
H71: مصاريف | I71: بنزين عبد رمادي | J71: -300 | L71: ='20-04'!$K71+('20-04'!$J71/90) -> -3.3333333
H72: بيع | I72: تيج | J72: 130 | L72: ='20-04'!$K72+('20-04'!$J72/90) -> 1.4444444
H73: بيع | I73: عدنان | J73: -180 | K73: -60 | L73: ='20-04'!$K73+('20-04'!$J73/90) -> -62
H74: بيع | I74: سكر زاوية غ ص | J74: 720 | L74: ='20-04'!$K74+('20-04'!$J74/90) -> 8
H75: بيع | I75: غاندي | K75: 516 | L75: ='20-04'!$K75+('20-04'!$J75/90) -> 516
H76: بيع | I76: فرق ضغط وموتير | K76: 25 | L76: ='20-04'!$K76+('20-04'!$J76/90) -> 25
H77: بيع | I77: مجمو مالزي وسكر زاوية 3 | K77: 12 | L77: ='20-04'!$K77+('20-04'!$J77/90) -> 12
H78: بيع | I78: نربيج دوش | J78: 250 | L78: ='20-04'!$K78+('20-04'!$J78/90) -> 2.7777778
H79: سحب | I79: غطاء ميوركس بيد إبراهيم | J79: -50 | K79: -40 | L79: ='20-04'!$K79+('20-04'!$J79/90) -> -40.555556
H80: بيع | I80: ايزي 1/4 1 | J80: 120 | L80: ='20-04'!$K80+('20-04'!$J80/90) -> 1.3333333
H81: بيع | I81: شلمون | J81: 50 | K81: 5 | L81: ='20-04'!$K81+('20-04'!$J81/90) -> 5.5555556
H82: بيع | I82: تنر | J82: 200 | L82: ='20-04'!$K82+('20-04'!$J82/90) -> 2.2222222
H83: بيع | I83: عدنان | K83: 77 | L83: ='20-04'!$K83+('20-04'!$J83/90) -> 77
H84: بيع | I84: سكر برونزو | J84: 200 | K84: 20 | L84: ='20-04'!$K84+('20-04'!$J84/90) -> 22.222222
H85: بيع | I85: شطافة | J85: 350 | L85: ='20-04'!$K85+('20-04'!$J85/90) -> 3.8888889
H86: بيع | I86: مطابقة | J86: -90 | K86: 1 | L86: ='20-04'!$K86+('20-04'!$J86/90) -> 0 | N86: مطابق | P86: 2720 | S86: 4020
H87: بيع | I87: نربيح ورباط | J87: 150 | L87: ='20-04'!$K87+('20-04'!$J87/90) -> 1.6666667
H88: بيع | I88: محمد اسعد | K88: 40 | L88: ='20-04'!$K88+('20-04'!$J88/90) -> 40
H89: بيع | I89: طابة | J89: -500 | K89: 10 | L89: ='20-04'!$K89+('20-04'!$J89/90) -> 4.4444444
H90: بيع | K90: 9 | L90: ='20-04'!$K90+('20-04'!$J90/90) -> 9
H91: بيع | I91: سيفون بي كروم | J91: 500 | L91: ='20-04'!$K91+('20-04'!$J91/90) -> 5.5555556
H92: بيع | I92: أبو عيسى | K92: 300 | L92: ='20-04'!$K92+('20-04'!$J92/90) -> 300
H93: بيع | I93: محمد السقا | K93: 19 | L93: ='20-04'!$K93+('20-04'!$J93/90) -> 19
H94: بيع | I94: مجموعة دوش | K94: 5 | L94: ='20-04'!$K94+('20-04'!$J94/90) -> 5
H95: بيع | I95: خلاط مجلى و سريعة | J95: 100 | K95: 20 | L95: ='20-04'!$K95+('20-04'!$J95/90) -> 21.111111
H96: بيع | I96: نربيج فيتاس | J96: 250 | L96: ='20-04'!$K96+('20-04'!$J96/90) -> 2.7777778
H97: بيع | I97: ايزي و صباب | J97: 585 | L97: ='20-04'!$K97+('20-04'!$J97/90) -> 6.5
H98: بيع | I98: احمد 3 | K98: 22 | L98: ='20-04'!$K98+('20-04'!$J98/90) -> 22
H99: بيع | I99: بلال مكداشي | J99: 100 | K99: 26 | L99: ='20-04'!$K99+('20-04'!$J99/90) -> 27.111111
H100: بيع | I100: جمال أبو حشمة | J100: 100 | L100: ='20-04'!$K100+('20-04'!$J100/90) -> 1.1111111
...

Sheet 21-04
I1: حركة الصندوق | J1: =SUM(J3:J18) -> -100 | K1: =SUM(K3:K18) -> 125 | L1: =SUM(L3:L18) -> 123.88889
H2: العملية | I2: البيان | J2: اللبناني | K2: الدولار | L2: مبيع $
H3: بيع | K3: 5 | L3: =K3+(J3/90) -> 5
H4: بيع | J4: -50 | L4: =K4+(J4/90) -> -0.55555556
H5: بيع | K5: 40 | L5: =K5+(J5/90) -> 40
H6: بيع | K6: 5 | L6: =K6+(J6/90) -> 5
H7: بيع | J7: -100 | L7: =K7+(J7/90) -> -1.1111111
H8: بيع | J8: 300 | L8: =K8+(J8/90) -> 3.3333333
H9: سحب | I9: مع الحاج | K9: -15 | L9: =K9+(J9/90) -> -15
H10: بيع | I10: ترابة | J10: -270 | K10: 10 | L10: =K10+(J10/90) -> 7
H11: بيع | I11: شمعة فلتر | K11: 80 | L11: =K11+(J11/90) -> 80
H12: بيع | I12: ورق حف | J12: 20 | L12: =K12+(J12/90) -> 0.22222222
H13: بيع | I13: مع الحاج | K13: 795 | L13: =K13+(J13/90) -> 795
H14: سحب | I14: مع الحاج | K14: -795 | L14: =K14+(J14/90) -> -795
H15: سحب | I15: من الحاج | J15: 300 | L15: =K15+(J15/90) -> 3.3333333
H16: مصاريف | I16: بنزين | J16: -300 | L16: =K16+(J16/90) -> -3.3333333
H17: بيع | L17: =K17+(J17/90) -> 0
A18: رصيد قديم من تاريخ | H18: بيع | L18: =K18+(J18/90) -> 0
A19: 20-04
A20: جرد اول النهار | I20: حركة الصندوق | J20: =SUM('21-04'!$J$22:$J$121) -> 1780 | K20: =SUM('21-04'!$K$22:$K$121) -> -2426 | L20: =SUM('21-04'!$L$22:$L$121) -> -2406.2222 | N20: جرد اخر النهار
A21: الفئة دولار | B21: العدد | C21: المجموع | D21: الفئة لبناني | E21: العدد | F21: المجموع | H21: العملية | I21: البيان | J21: اللبناني | K21: الدولار | L21: مبيع $ | N21: الفئة دولار | O21: العدد | P21: المجموع | Q21: الفئة لبناني | R21: العدد | S21: المجموع
A22: 1 | B22: 1 | C22: =A22*B22 -> 1 | D22: 5 | E22: 21 | F22: =D22*E22 -> 105 | H22: بيع | J22: -260 | K22: 10 | L22: ='21-04'!$K22+('21-04'!$J22/90) -> 7.1111111 | N22: 1 | O22: 1 | P22: =N22*O22 -> 1 | Q22: 5 | R22: 19 | S22: =Q22*R22 -> 95
A23: 5 | B23: 11 | C23: =A23*B23 -> 55 | D23: 10 | E23: 39 | F23: =D23*E23 -> 390 | H23: بيع | I23: صباب 3/4 | J23: 400 | L23: ='21-04'!$K23+('21-04'!$J23/90) -> 4.4444444 | N23: 5 | O23: 3 | P23: =N23*O23 -> 15 | Q23: 10 | R23: 47 | S23: =Q23*R23 -> 470
A24: 10 | B24: 53 | C24: =A24*B24 -> 530 | D24: 20 | E24: 6 | F24: =D24*E24 -> 120 | H24: بيع | J24: 40 | L24: ='21-04'!$K24+('21-04'!$J24/90) -> 0.44444444 | N24: 10 | O24: 77 | P24: =N24*O24 -> 770 | Q24: 20 | R24: 29 | S24: =Q24*R24 -> 580
A25: 20 | B25: 18 | C25: =A25*B25 -> 360 | D25: 50 | E25: 4 | F25: =D25*E25 -> 200 | H25: بيع | J25: 200 | L25: ='21-04'!$K25+('21-04'!$J25/90) -> 2.2222222 | N25: 20 | O25: 7 | P25: =N25*O25 -> 140 | Q25: 50 | R25: 1 | S25: =Q25*R25 -> 50
A26: 50 | B26: 4 | C26: =A26*B26 -> 200 | D26: 100 | E26: 89 | F26: =D26*E26 -> 8900 | H26: بيع | J26: 70 | L26: ='21-04'!$K26+('21-04'!$J26/90) -> 0.77777778 | N26: 50 | O26: 2 | P26: =N26*O26 -> 100 | Q26: 100 | R26: 95 | S26: =Q26*R26 -> 9500
A27: 100 | B27: 24 | C27: =A27*B27 -> 2400 | D27: المجموع | F27: =SUM(F22:F26) -> 9715 | H27: بيع | I27: جهاد | K27: 40 | L27: ='21-04'!$K27+('21-04'!$J27/90) -> 40 | N27: 100 | O27: 37 | P27: =N27*O27 -> 3700 | Q27: المجموع | S27: =SUM(S22:S26) -> 10695
A28: المجموع | C28: =SUM(C22:C27) -> 3546 | H28: بيع | I28: حبسة غاز | J28: 60 | L28: ='21-04'!$K28+('21-04'!$J28/90) -> 0.66666667 | N28: المجموع | P28: =SUM(P22:P27) -> 4726
B29: 0 | D29: حركة الصندوق ل.ل | F29: {=INDIRECT("'"&$A$19&"'!J20")+J1} -> 6280 | H29: بيع | J29: -300 | K29: 80 | L29: ='21-04'!$K29+('21-04'!$J29/90) -> 76.666667 | Q29: حركة الصندوق ل.ل | S29: =SUM('21-04'!$J$22:$J$121) -> 1780
A30: حركة الصندوق $ | C30: {=INDIRECT("'"&$A$19&"'!K20")+K1} -> 2642 | H30: بيع | K30: 180 | L30: ='21-04'!$K30+('21-04'!$J30/90) -> 180 | N30: حركة الصندوق $ | P30: =SUM('21-04'!$K$22:$K$121) -> -2426
D31: الفرق | F31: {=F27-F29-INDIRECT("'"&$A$19&"'!f27")} -> 0 | H31: بيع | K31: 25 | L31: ='21-04'!$K31+('21-04'!$J31/90) -> 25 | Q31: الفرق | S31: =S27-S29-F27 -> -800
A32: الفرق | C32: {=C28-C30-INDIRECT("'"&$A$19&"'!c28")} -> 0 | H32: سحب | I32: من الحاج | J32: 2000 | L32: ='21-04'!$K32+('21-04'!$J32/90) -> 22.222222 | N32: الفرق | P32: =P28-P30-C28 -> 3606
H33: مصاريف | I33: بنزين أبو هيثم | J33: -2000 | L33: ='21-04'!$K33+('21-04'!$J33/90) -> -22.222222
H34: بيع | I34: طابة اتوماتيك | K34: 14 | L34: ='21-04'!$K34+('21-04'!$J34/90) -> 14
H35: سحب | I35: للحاج | K35: -10 | L35: ='21-04'!$K35+('21-04'!$J35/90) -> -10
H36: بيع | I36: ديسك حديد | J36: -250 | K36: 5 | L36: ='21-04'!$K36+('21-04'!$J36/90) -> 2.2222222
H37: بيع | J37: 100 | L37: ='21-04'!$K37+('21-04'!$J37/90) -> 1.1111111
H38: بيع | J38: 130 | L38: ='21-04'!$K38+('21-04'!$J38/90) -> 1.4444444
H39: بيع | I39: قلب | J39: 100 | L39: ='21-04'!$K39+('21-04'!$J39/90) -> 1.1111111
H40: بيع | J40: 70 | L40: ='21-04'!$K40+('21-04'!$J40/90) -> 0.77777778
H41: بيع | I41: جهاد | J41: -600 | K41: 20 | L41: ='21-04'!$K41+('21-04'!$J41/90) -> 13.333333
H42: بيع | I42: مرتجع | J42: -200 | K42: -50 | L42: ='21-04'!$K42+('21-04'!$J42/90) -> -52.222222
H43: بيع | I43: مسكة شطافة | J43: 100 | L43: ='21-04'!$K43+('21-04'!$J43/90) -> 1.1111111
H44: بيع | I44: قفل طويل | J44: -500 | K44: 10 | L44: ='21-04'!$K44+('21-04'!$J44/90) -> 4.4444444
H45: بيع | I45: زراعي | K45: 5 | L45: ='21-04'!$K45+('21-04'!$J45/90) -> 5
H46: بيع | I46: اكسسوار 3" | J46: 250 | K46: 20 | L46: ='21-04'!$K46+('21-04'!$J46/90) -> 22.777778
H47: بيع | I47: زراعي | K47: 160 | L47: ='21-04'!$K47+('21-04'!$J47/90) -> 160
H48: بيع | I48: أكياس ردم | J48: -50 | K48: 5 | L48: ='21-04'!$K48+('21-04'!$J48/90) -> 4.4444444
H49: بيع | I49: مع إبراهيم | K49: -70 | L49: ='21-04'!$K49+('21-04'!$J49/90) -> -70
H50: بيع | I50: أكياس ردم | J50: 360 | L50: ='21-04'!$K50+('21-04'!$J50/90) -> 4
H51: بيع | I51: أبو عيسى | J51: -300 | K51: 245 | L51: ='21-04'!$K51+('21-04'!$J51/90) -> 241.66667
H52: بيع | I52: من إبراهيم 3M بيروت | K52: 100 | L52: ='21-04'!$K52+('21-04'!$J52/90) -> 100
H53: بيع | I53: محمد فواز | J53: -100 | K53: 10 | L53: ='21-04'!$K53+('21-04'!$J53/90) -> 8.8888889
H54: بيع | I54: غراء | J54: 200 | L54: ='21-04'!$K54+('21-04'!$J54/90) -> 2.2222222
H55: بيع | I55: محمد الاحمد | J55: 200 | L55: ='21-04'!$K55+('21-04'!$J55/90) -> 2.2222222
H56: بيع | I56: محمد الاحمد | J56: -100 | K56: 10 | L56: ='21-04'!$K56+('21-04'!$J56/90) -> 8.8888889
H57: بيع | I57: شمعة قطن | K57: 14 | L57: ='21-04'!$K57+('21-04'!$J57/90) -> 14
H58: بيع | I58: نربيج شطافة | J58: 225 | L58: ='21-04'!$K58+('21-04'!$J58/90) -> 2.5
H59: بيع | I59: مرتجع | J59: -580 | L59: ='21-04'!$K59+('21-04'!$J59/90) -> -6.4444444
H60: بيع | I60: اتوماتيك رزيستنس | J60: 350 | L60: ='21-04'!$K60+('21-04'!$J60/90) -> 3.8888889
H61: بيع | I61: سبراي | J61: 140 | L61: ='21-04'!$K61+('21-04'!$J61/90) -> 1.5555556
H62: بيع | I62: غطاء كرسي | K62: 10 | L62: ='21-04'!$K62+('21-04'!$J62/90) -> 10
H63: بيع | I63: رباط | J63: 60 | L63: ='21-04'!$K63+('21-04'!$J63/90) -> 0.66666667
H64: بيع | I64: سيفون صليب | J64: 300 | L64: ='21-04'!$K64+('21-04'!$J64/90) -> 3.3333333
H65: بيع | I65: دلاية وقفل | J65: 500 | L65: ='21-04'!$K65+('21-04'!$J65/90) -> 5.5555556
H66: بيع | I66: محمود سلامة | J66: 300 | K66: 30 | L66: ='21-04'!$K66+('21-04'!$J66/90) -> 33.333333
H67: بيع | I67: طابة ووصل | K67: 16 | L67: ='21-04'!$K67+('21-04'!$J67/90) -> 16
H68: بيع | J68: -500 | K68: 10 | L68: ='21-04'!$K68+('21-04'!$J68/90) -> 4.4444444
H69: بيع | I69: مع الحاج | K69: 290 | L69: ='21-04'!$K69+('21-04'!$J69/90) -> 290
H70: سحب | I70: مع الحاج | K70: -290 | L70: ='21-04'!$K70+('21-04'!$J70/90) -> -290
H71: بيع | K71: 5 | L71: ='21-04'!$K71+('21-04'!$J71/90) -> 5
H72: بيع | I72: خزان | K72: 75 | L72: ='21-04'!$K72+('21-04'!$J72/90) -> 75
H73: بيع | J73: 300 | L73: ='21-04'!$K73+('21-04'!$J73/90) -> 3.3333333 | N73: مطابق | P73: 4515 | S73: 10430
H74: بيع | I74: سيليكون وسكر وتفلون | J74: -225 | K74: 10 | L74: ='21-04'!$K74+('21-04'!$J74/90) -> 7.5
H75: بيع | J75: 100 | L75: ='21-04'!$K75+('21-04'!$J75/90) -> 1.1111111
H76: بيع | K76: 2 | L76: ='21-04'!$K76+('21-04'!$J76/90) -> 2
H77: بيع | I77: ركور +نربيج | J77: 585 | L77: ='21-04'!$K77+('21-04'!$J77/90) -> 6.5
H78: بيع | I78: ترابة+زاوية | J78: 400 | L78: ='21-04'!$K78+('21-04'!$J78/90) -> 4.4444444
H79: بيع | I79: خزانات | K79: 130 | L79: ='21-04'!$K79+('21-04'!$J79/90) -> 130
H80: بيع | I80: خزان 1000 | K80: 80 | L80: ='21-04'!$K80+('21-04'!$J80/90) -> 80
H81: بيع | I81: سكر زاوية | J81: 220 | L81: ='21-04'!$K81+('21-04'!$J81/90) -> 2.4444444
H82: بيع | I82: وصل | J82: 70 | L82: ='21-04'!$K82+('21-04'!$J82/90) -> 0.77777778
H83: مصاريف | I83: ماء | J83: -50 | L83: ='21-04'!$K83+('21-04'!$J83/90) -> -0.55555556
H84: سحب | I84: مشتريات مغاسل | K84: -180 | L84: ='21-04'!$K84+('21-04'!$J84/90) -> -180
H85: بيع | I85: سترتش وسبراي | K85: 6 | L85: ='21-04'!$K85+('21-04'!$J85/90) -> 6
H86: بيع | I86: نربيج فيتاس | K86: 5 | L86: ='21-04'!$K86+('21-04'!$J86/90) -> 5
H87: بيع | I87: أبو الحسن | J87: 100 | L87: ='21-04'!$K87+('21-04'!$J87/90) -> 1.1111111
H88: بيع | I88: ترابة | J88: 50 | L88: ='21-04'!$K88+('21-04'!$J88/90) -> 0.55555556
H89: بيع | I89: ركور +نربيج | J89: 250 | L89: ='21-04'!$K89+('21-04'!$J89/90) -> 2.7777778
H90: بيع | I90: مرتجع | J90: -600 | L90: ='21-04'!$K90+('21-04'!$J90/90) -> -6.6666667
H91: بيع | I91: قنينة سوداء | K91: 8 | L91: ='21-04'!$K91+('21-04'!$J91/90) -> 8
H92: بيع | I92: ترابة مخلوطة | J92: -270 | K92: 15 | L92: ='21-04'!$K92+('21-04'!$J92/90) -> 12
H93: بيع | I93: كرسي مع صندوق | K93: 60 | L93: ='21-04'!$K93+('21-04'!$J93/90) -> 60
H94: بيع | I94: عدة صندوق | J94: 225 | L94: ='21-04'!$K94+('21-04'!$J94/90) -> 2.5
H95: بيع | K95: 10 | L95: ='21-04'!$K95+('21-04'!$J95/90) -> 10
H96: بيع | I96: كراج الشرق | J96: -180 | K96: 35 | L96: ='21-04'!$K96+('21-04'!$J96/90) -> 33
H97: سحب | I97: للحاج فروج | J97: -600 | L97: ='21-04'!$K97+('21-04'!$J97/90) -> -6.6666667
H98: بيع | I98: رمل | J98: 300 | L98: ='21-04'!$K98+('21-04'!$J98/90) -> 3.3333333
H99: بيع | K99: 5 | L99: ='21-04'!$K99+('21-04'!$J99/90) -> 5
H100: بيع | J100: -300 | K100: 5 | L100: ='21-04'!$K100+('21-04'!$J100/90) -> 1.6666667
...

Sheet 22-04
I1: حركة الصندوق | J1: =SUM(J3:J18) -> -630 | K1: =SUM(K3:K18) -> 305 | L1: =SUM(L3:L18) -> 298
H2: العملية | I2: البيان | J2: اللبناني | K2: الدولار | L2: مبيع $
H3: مصاريف | I3: بنزين ابراهيم | J3: -300 | L3: =K3+(J3/90) -> -3.3333333
H4: بيع | I4: نبيل أبو دية | K4: 200 | L4: =K4+(J4/90) -> 200
H5: بيع | K5: 10 | L5: =K5+(J5/90) -> 10
H6: بيع | J6: -400 | L6: =K6+(J6/90) -> -4.4444444
H7: بيع | J7: 130 | L7: =K7+(J7/90) -> 1.4444444
H8: بيع | I8: خزانة | K8: 30 | L8: =K8+(J8/90) -> 30
H9: بيع | I9: وسام شقير | K9: 165 | L9: =K9+(J9/90) -> 165
H10: بيع | I10: مطابقة | J10: -60 | K10: -100 | L10: =K10+(J10/90) -> -100.66667
H11: بيع | L11: =K11+(J11/90) -> 0
H12: بيع | L12: =K12+(J12/90) -> 0
H13: بيع | L13: =K13+(J13/90) -> 0
H14: بيع | L14: =K14+(J14/90) -> 0
H15: بيع | L15: =K15+(J15/90) -> 0
H16: بيع | L16: =K16+(J16/90) -> 0
H17: بيع | L17: =K17+(J17/90) -> 0
A18: رصيد قديم من تاريخ | H18: بيع | L18: =K18+(J18/90) -> 0
A19: 21-04
A20: جرد اول النهار | I20: حركة الصندوق | J20: =SUM('22-04'!$J$22:$J$117) -> -6130 | K20: =SUM('22-04'!$K$22:$K$117) -> 730 | L20: =SUM('22-04'!$L$22:$L$117) -> 661.88889 | N20: جرد اخر النهار
A21: الفئة دولار | B21: العدد | C21: المجموع | D21: الفئة لبناني | E21: العدد | F21: المجموع | H21: العملية | I21: البيان | J21: اللبناني | K21: الدولار | L21: مبيع $ | N21: الفئة دولار | O21: العدد | P21: المجموع | Q21: الفئة لبناني | R21: العدد | S21: المجموع
A22: 1 | C22: =A22*B22 -> 0 | D22: 5 | E22: 21 | F22: =D22*E22 -> 105 | H22: بيع | K22: 60 | L22: ='22-04'!$K22+('22-04'!$J22/90) -> 60 | N22: 1 | P22: =N22*O22 -> 0 | Q22: 5 | R22: 15 | S22: =Q22*R22 -> 75
A23: 5 | B23: 1 | C23: =A23*B23 -> 5 | D23: 10 | E23: 45 | F23: =D23*E23 -> 450 | H23: بيع | I23: شليخ+تلزيق | J23: -90 | K23: 10 | L23: ='22-04'!$K23+('22-04'!$J23/90) -> 9 | N23: 5 | O23: 1 | P23: =N23*O23 -> 5 | Q23: 10 | R23: 8 | S23: =Q23*R23 -> 80
A24: 10 | B24: 75 | C24: =A24*B24 -> 750 | D24: 20 | E24: 23 | F24: =D24*E24 -> 460 | H24: بيع | J24: -225 | K24: -55 | L24: ='22-04'!$K24+('22-04'!$J24/90) -> -57.5 | N24: 10 | O24: 65 | P24: =N24*O24 -> 650 | Q24: 20 | S24: =Q24*R24 -> 0
A25: 20 | B25: 6 | C25: =A25*B25 -> 120 | D25: 50 | E25: 1 | F25: =D25*E25 -> 50 | H25: بيع | I25: مسكة شطافة | J25: 350 | L25: ='22-04'!$K25+('22-04'!$J25/90) -> 3.8888889 | N25: 20 | O25: 5 | P25: =N25*O25 -> 100 | Q25: 50 | S25: =Q25*R25 -> 0
A26: 50 | B26: 3 | C26: =A26*B26 -> 150 | D26: 100 | E26: 98 | F26: =D26*E26 -> 9800 | H26: بيع | I26: صباب كبس | J26: -180 | K26: 10 | L26: ='22-04'!$K26+('22-04'!$J26/90) -> 8 | N26: 50 | O26: 6 | P26: =N26*O26 -> 300 | Q26: 100 | R26: 46 | S26: =Q26*R26 -> 4600
A27: 100 | B27: 4 | C27: =A27*B27 -> 400 | D27: المجموع | F27: =SUM(F22:F26) -> 10865 | H27: بيع | I27: شنمبر | J27: 100 | L27: ='22-04'!$K27+('22-04'!$J27/90) -> 1.1111111 | N27: 100 | O27: 11 | P27: =N27*O27 -> 1100 | Q27: المجموع | S27: =SUM(S22:S26) -> 4755
A28: المجموع | C28: =SUM(C22:C27) -> 1425 | H28: بيع | I28: مع الحاج | K28: 250 | L28: ='22-04'!$K28+('22-04'!$J28/90) -> 250 | N28: المجموع | P28: =SUM(P22:P27) -> 2155
B29: 0 | D29: حركة الصندوق ل.ل | F29: {=INDIRECT("'"&$A$19&"'!J20")+J1} -> 1150 | H29: سحب | I29: مع الحاج | K29: -250 | L29: ='22-04'!$K29+('22-04'!$J29/90) -> -250 | Q29: حركة الصندوق ل.ل | S29: =SUM('22-04'!$J$22:$J$117) -> -6130
A30: حركة الصندوق $ | C30: {=INDIRECT("'"&$A$19&"'!K20")+K1} -> -2121 | H30: بيع | J30: -360 | K30: 20 | L30: ='22-04'!$K30+('22-04'!$J30/90) -> 16 | N30: حركة الصندوق $ | P30: =SUM('22-04'!$K$22:$K$117) -> 730
D31: الفرق | F31: {=F27-F29-INDIRECT("'"&$A$19&"'!f27")} -> 0 | H31: بيع | J31: 150 | L31: ='22-04'!$K31+('22-04'!$J31/90) -> 1.6666667 | Q31: الفرق | S31: =S27-S29-F27 -> 20
A32: الفرق | C32: {=C28-C30-INDIRECT("'"&$A$19&"'!c28")} -> 0 | H32: بيع | I32: نسلة منشار | J32: 50 | L32: ='22-04'!$K32+('22-04'!$J32/90) -> 0.55555556 | N32: الفرق | P32: =P28-P30-C28 -> 0
H33: بيع | I33: نحاته وسرك | J33: 600 | L33: ='22-04'!$K33+('22-04'!$J33/90) -> 6.6666667
H34: بيع | I34: حسام خاروف | K34: 250 | L34: ='22-04'!$K34+('22-04'!$J34/90) -> 250
H35: سحب | I35: مع الحاج | K35: -250 | L35: ='22-04'!$K35+('22-04'!$J35/90) -> -250
H36: بيع | I36: مع الحاج | K36: 110 | L36: ='22-04'!$K36+('22-04'!$J36/90) -> 110
H37: سحب | I37: مع الحاج | J37: -630 | K37: -10 | L37: ='22-04'!$K37+('22-04'!$J37/90) -> -17
H38: بيع | I38: عماد صالحاني | K38: 100 | L38: ='22-04'!$K38+('22-04'!$J38/90) -> 100
G39: * | H39: بيع | I39: عنق خلاط | J39: -650 | K39: 10 | L39: ='22-04'!$K39+('22-04'!$J39/90) -> 2.7777778
G40: * | H40: بيع | I40: مرتجع | K40: -30 | L40: ='22-04'!$K40+('22-04'!$J40/90) -> -30
H41: بيع | J41: -45 | K41: 10 | L41: ='22-04'!$K41+('22-04'!$J41/90) -> 9.5
H42: بيع | J42: -100 | K42: 10 | L42: ='22-04'!$K42+('22-04'!$J42/90) -> 8.8888889
H43: بيع | K43: 110 | L43: ='22-04'!$K43+('22-04'!$J43/90) -> 110
H44: بيع | J44: -180 | K44: 10 | L44: ='22-04'!$K44+('22-04'!$J44/90) -> 8
H45: بيع | I45: ايبو | J45: -300 | K45: 10 | L45: ='22-04'!$K45+('22-04'!$J45/90) -> 6.6666667
H46: بيع | I46: خالد | J46: 135 | L46: ='22-04'!$K46+('22-04'!$J46/90) -> 1.5
H47: بيع | I47: مسكة شطافة كروم | J47: 300 | L47: ='22-04'!$K47+('22-04'!$J47/90) -> 3.3333333
H48: بيع | K48: 24 | L48: ='22-04'!$K48+('22-04'!$J48/90) -> 24
H49: بيع | I49: طابة و بعزقة | J49: 720 | L49: ='22-04'!$K49+('22-04'!$J49/90) -> 8
H50: مصاريف | I50: أكياس بيد عبد | K50: -200 | L50: ='22-04'!$K50+('22-04'!$J50/90) -> -200
H51: بيع | I51: قسطل 4 | K51: 16 | L51: ='22-04'!$K51+('22-04'!$J51/90) -> 16
H52: بيع | I52: باكس | K52: 13 | L52: ='22-04'!$K52+('22-04'!$J52/90) -> 13
H53: بيع | I53: سكر غلة إيطالي | J53: -450 | K53: 10 | L53: ='22-04'!$K53+('22-04'!$J53/90) -> 5
H54: بيع | J54: 120 | L54: ='22-04'!$K54+('22-04'!$J54/90) -> 1.3333333
H55: بيع | I55: أبو محمود اللوباني | K55: 260 | L55: ='22-04'!$K55+('22-04'!$J55/90) -> 260
H56: بيع | I56: علي ايبو | J56: 200 | L56: ='22-04'!$K56+('22-04'!$J56/90) -> 2.2222222
H57: بيع | I57: سكر غلة إيطالي | J57: -225 | K57: 10 | L57: ='22-04'!$K57+('22-04'!$J57/90) -> 7.5
H58: بيع | J58: -225 | K58: 20 | L58: ='22-04'!$K58+('22-04'!$J58/90) -> 17.5
H59: بيع | I59: علي ايبو | K59: 4 | L59: ='22-04'!$K59+('22-04'!$J59/90) -> 4
H60: بيع | I60: ورق حف | J60: 150 | L60: ='22-04'!$K60+('22-04'!$J60/90) -> 1.6666667
H61: بيع | I61: مطابقة | K61: 20 | L61: ='22-04'!$K61+('22-04'!$J61/90) -> 20
H62: بيع | I62: نبيل نور الدين | K62: 75 | L62: ='22-04'!$K62+('22-04'!$J62/90) -> 75
H63: بيع | I63: وسام شقير | J63: -660 | K63: 50 | L63: ='22-04'!$K63+('22-04'!$J63/90) -> 42.666667
H64: بيع | I64: محمد فواز | J64: -360 | K64: 30 | L64: ='22-04'!$K64+('22-04'!$J64/90) -> 26
H65: بيع | I65: طلبية سنكري | J65: -630 | K65: 140 | L65: ='22-04'!$K65+('22-04'!$J65/90) -> 133
H66: بيع | I66: احمد القيسي | J66: 850 | L66: ='22-04'!$K66+('22-04'!$J66/90) -> 9.4444444
H67: بيع | J67: -200 | K67: 10 | L67: ='22-04'!$K67+('22-04'!$J67/90) -> 7.7777778
H68: بيع | K68: 10 | L68: ='22-04'!$K68+('22-04'!$J68/90) -> 10
H69: بيع | K69: 10 | L69: ='22-04'!$K69+('22-04'!$J69/90) -> 10
H70: بيع | J70: -675 | K70: 10 | L70: ='22-04'!$K70+('22-04'!$J70/90) -> 2.5
H71: بيع | J71: 90 | L71: ='22-04'!$K71+('22-04'!$J71/90) -> 1
H72: مصاريف | I72: بنزين إبراهيم | J72: -300 | L72: ='22-04'!$K72+('22-04'!$J72/90) -> -3.3333333
H73: بيع | J73: -315 | K73: 10 | L73: ='22-04'!$K73+('22-04'!$J73/90) -> 6.5
H74: بيع | I74: غطاء زغرتا | K74: 10 | L74: ='22-04'!$K74+('22-04'!$J74/90) -> 10
H75: بيع | J75: -100 | K75: 8 | L75: ='22-04'!$K75+('22-04'!$J75/90) -> 6.8888889
H76: بيع | J76: 150 | L76: ='22-04'!$K76+('22-04'!$J76/90) -> 1.6666667
H77: بيع | J77: 125 | L77: ='22-04'!$K77+('22-04'!$J77/90) -> 1.3888889
H78: بيع | J78: -630 | L78: ='22-04'!$K78+('22-04'!$J78/90) -> -7
H79: بيع | J79: -370 | K79: 20 | L79: ='22-04'!$K79+('22-04'!$J79/90) -> 15.888889
H80: بيع | K80: 30 | L80: ='22-04'!$K80+('22-04'!$J80/90) -> 30
H81: بيع | J81: 250 | L81: ='22-04'!$K81+('22-04'!$J81/90) -> 2.7777778
H82: بيع | J82: -600 | K82: 10 | L82: ='22-04'!$K82+('22-04'!$J82/90) -> 3.3333333
H83: بيع | J83: -680 | K83: 10 | L83: ='22-04'!$K83+('22-04'!$J83/90) -> 2.4444444
H84: بيع | J84: -600 | K84: 10 | L84: ='22-04'!$K84+('22-04'!$J84/90) -> 3.3333333
H85: سحب | I85: مع الحاج | K85: -500 | L85: ='22-04'!$K85+('22-04'!$J85/90) -> -500
H86: بيع | K86: 10 | L86: ='22-04'!$K86+('22-04'!$J86/90) -> 10
H87: بيع | I87: عدنان | J87: 100 | K87: 16 | L87: ='22-04'!$K87+('22-04'!$J87/90) -> 17.111111
H88: بيع | I88: خلاط | J88: -100 | K88: 74 | L88: ='22-04'!$K88+('22-04'!$J88/90) -> 72.888889
H89: بيع | I89: ترابة | J89: 50 | L89: ='22-04'!$K89+('22-04'!$J89/90) -> 0.55555556
H90: بيع | I90: سكر دوبل | J90: -630 | K90: 10 | L90: ='22-04'!$K90+('22-04'!$J90/90) -> 3
H91: مصاريف | I91: تشريج انترنت للمحل | J91: -500 | K91: -20 | L91: ='22-04'!$K91+('22-04'!$J91/90) -> -25.555556
H92: بيع | I92: رمل | J92: 120 | L92: ='22-04'!$K92+('22-04'!$J92/90) -> 1.3333333
H93: بيع | I93: علي ايبو | J93: -180 | K93: 15 | L93: ='22-04'!$K93+('22-04'!$J93/90) -> 13
H94: بيع | I94: أبو وليد الجمل | K94: 24 | L94: ='22-04'!$K94+('22-04'!$J94/90) -> 24
H95: بيع | I95: ركور | J95: -315 | K95: 5 | L95: ='22-04'!$K95+('22-04'!$J95/90) -> 1.5
H96: بيع | I96: ماي سوداء | J96: 350 | L96: ='22-04'!$K96+('22-04'!$J96/90) -> 3.8888889
H97: بيع | I97: مجموعة شطافة كروم | J97: -540 | K97: 10 | L97: ='22-04'!$K97+('22-04'!$J97/90) -> 4
H98: بيع | I98: مدام هدى | J98: 540 | L98: ='22-04'!$K98+('22-04'!$J98/90) -> 6
H99: بيع | I99: جهاد | J99: -225 | K99: 10 | L99: ='22-04'!$K99+('22-04'!$J99/90) -> 7.5
H100: بيع | I100: محمود سلامة | K100: 40 | L100: ='22-04'!$K100+('22-04'!$J100/90) -> 40
...

Sheet 23-04
I1: حركة الصندوق | J1: =SUM(J3:J18) -> 660 | K1: =SUM(K3:K18) -> 0 | L1: =SUM(L3:L18) -> 7.3333333
H2: العملية | I2: البيان | J2: اللبناني | K2: الدولار | L2: مبيع $
H3: بيع | I3: شطافة | J3: 300 | L3: =K3+(J3/90) -> 3.3333333
H4: مصاريف | I4: بنزين إبراهيم | J4: -300 | L4: =K4+(J4/90) -> -3.3333333
H5: بيع | I5: كاتو | J5: 300 | L5: =K5+(J5/90) -> 3.3333333
H6: بيع | I6: كاتو | J6: 360 | L6: =K6+(J6/90) -> 4
H7: بيع | L7: =K7+(J7/90) -> 0
H8: بيع | L8: =K8+(J8/90) -> 0
H9: بيع | L9: =K9+(J9/90) -> 0
H10: بيع | L10: =K10+(J10/90) -> 0
H11: بيع | L11: =K11+(J11/90) -> 0
H12: بيع | L12: =K12+(J12/90) -> 0
H13: بيع | L13: =K13+(J13/90) -> 0
H14: بيع | L14: =K14+(J14/90) -> 0
H15: بيع | L15: =K15+(J15/90) -> 0
H16: بيع | L16: =K16+(J16/90) -> 0
H17: بيع | L17: =K17+(J17/90) -> 0
A18: رصيد قديم من تاريخ | H18: بيع | L18: =K18+(J18/90) -> 0
A19: 22-04
A20: جرد اول النهار | I20: حركة الصندوق | J20: =SUM('23-04'!$J$22:$J$128) -> -1520 | K20: =SUM('23-04'!$K$22:$K$128) -> -1285 | L20: =SUM('23-04'!$L$22:$L$128) -> -1301.8889 | N20: جرد اخر النهار
A21: الفئة دولار | B21: العدد | C21: المجموع | D21: الفئة لبناني | E21: العدد | F21: المجموع | H21: العملية | I21: البيان | J21: اللبناني | K21: الدولار | L21: مبيع $ | N21: الفئة دولار | O21: العدد | P21: المجموع | Q21: الفئة لبناني | R21: العدد | S21: المجموع
A22: 1 | C22: =A22*B22 -> 0 | D22: 5 | E22: 15 | F22: =D22*E22 -> 75 | H22: بيع | I22: محمد الأسمر | K22: 20 | L22: ='23-04'!$K22+('23-04'!$J22/90) -> 20 | N22: 1 | P22: =N22*O22 -> 0 | Q22: 5 | R22: 5 | S22: =Q22*R22 -> 25
A23: 5 | B23: 1 | C23: =A23*B23 -> 5 | D23: 10 | E23: 2 | F23: =D23*E23 -> 20 | H23: سحب | I23: من الحاج | J23: 2000 | L23: ='23-04'!$K23+('23-04'!$J23/90) -> 22.222222 | N23: 5 | P23: =N23*O23 -> 0 | Q23: 10 | R23: 67 | S23: =Q23*R23 -> 670
A24: 10 | B24: 65 | C24: =A24*B24 -> 650 | D24: 20 | F24: =D24*E24 -> 0 | H24: مصاريف | I24: بنزين بيك اب | J24: -2000 | L24: ='23-04'!$K24+('23-04'!$J24/90) -> -22.222222 | N24: 10 | O24: 71 | P24: =N24*O24 -> 710 | Q24: 20 | R24: 28 | S24: =Q24*R24 -> 560
A25: 20 | B25: 5 | C25: =A25*B25 -> 100 | D25: 50 | F25: =D25*E25 -> 0 | H25: بيع | I25: فؤاد زهرة | J25: 500 | L25: ='23-04'!$K25+('23-04'!$J25/90) -> 5.5555556 | N25: 20 | O25: 4 | P25: =N25*O25 -> 80 | Q25: 50 | R25: 1 | S25: =Q25*R25 -> 50
A26: 50 | B26: 6 | C26: =A26*B26 -> 300 | D26: 100 | E26: 53 | F26: =D26*E26 -> 5300 | H26: بيع | I26: كرتونال | J26: 220 | L26: ='23-04'!$K26+('23-04'!$J26/90) -> 2.4444444 | N26: 50 | O26: 10 | P26: =N26*O26 -> 500 | Q26: 100 | R26: 58 | S26: =Q26*R26 -> 5800
A27: 100 | B27: 11 | C27: =A27*B27 -> 1100 | D27: المجموع | F27: =SUM(F22:F26) -> 5395 | H27: بيع | I27: مع إبراهيم أبو الياس | K27: -5 | L27: ='23-04'!$K27+('23-04'!$J27/90) -> -5 | N27: 100 | O27: 38 | P27: =N27*O27 -> 3800 | Q27: المجموع | S27: =SUM(S22:S26) -> 7105
A28: المجموع | C28: =SUM(C22:C27) -> 2155 | H28: بيع | I28: الحاج احمد عيتاني | K28: 40 | L28: ='23-04'!$K28+('23-04'!$J28/90) -> 40 | N28: المجموع | P28: =SUM(P22:P27) -> 5090
B29: 0 | D29: حركة الصندوق ل.ل | F29: {=INDIRECT("'"&$A$19&"'!J20")+J1} -> -5470 | H29: بيع | I29: حافظة | J29: 125 | L29: ='23-04'!$K29+('23-04'!$J29/90) -> 1.3888889 | Q29: حركة الصندوق ل.ل | S29: =SUM('23-04'!$J$22:$J$128) -> -1520
A30: حركة الصندوق $ | C30: {=INDIRECT("'"&$A$19&"'!K20")+K1} -> 730 | H30: بيع | J30: 40 | L30: ='23-04'!$K30+('23-04'!$J30/90) -> 0.44444444 | N30: حركة الصندوق $ | P30: =SUM('23-04'!$K$22:$K$128) -> -1285
D31: الفرق | F31: {=F27-F29-INDIRECT("'"&$A$19&"'!f27")} -> 0 | H31: بيع | I31: أبو محمود دريان | J31: -180 | K31: 10 | L31: ='23-04'!$K31+('23-04'!$J31/90) -> 8 | Q31: الفرق | S31: =S27-S29-F27 -> 3230
A32: الفرق | C32: {=C28-C30-INDIRECT("'"&$A$19&"'!c28")} -> 0 | H32: بيع | I32: كوع ثابت 16*1/2 | J32: 150 | L32: ='23-04'!$K32+('23-04'!$J32/90) -> 1.6666667 | N32: الفرق | P32: =P28-P30-C28 -> 4220
H33: بيع | I33: عثمان سوبره | K33: 10 | L33: ='23-04'!$K33+('23-04'!$J33/90) -> 10
H34: بيع | I34: علي ايبو | J34: -225 | K34: 10 | L34: ='23-04'!$K34+('23-04'!$J34/90) -> 7.5
H35: بيع | I35: مرتجع فاتورة | J35: -630 | K35: -10 | L35: ='23-04'!$K35+('23-04'!$J35/90) -> -17
H36: بيع | I36: مع الحاج | K36: 60 | L36: ='23-04'!$K36+('23-04'!$J36/90) -> 60
H37: سحب | I37: مع الحاج | K37: -60 | L37: ='23-04'!$K37+('23-04'!$J37/90) -> -60
H38: بيع | I38: أبو طارق حريري | J38: -180 | K38: 130 | L38: ='23-04'!$K38+('23-04'!$J38/90) -> 128
H39: بيع | I39: محمود سلامة | J39: -100 | K39: 30 | L39: ='23-04'!$K39+('23-04'!$J39/90) -> 28.888889
H40: بيع | I40: أبو الياس | K40: 100 | L40: ='23-04'!$K40+('23-04'!$J40/90) -> 100
H41: سحب | I41: للحاج بيد أبو هيثم | J41: -2000 | K41: -1200 | L41: ='23-04'!$K41+('23-04'!$J41/90) -> -1222.2222
H42: بيع | I42: محمد بغدادي | J42: 320 | L42: ='23-04'!$K42+('23-04'!$J42/90) -> 3.5555556
H43: بيع | I43: أبو مهدي | J43: -630 | K43: 30 | L43: ='23-04'!$K43+('23-04'!$J43/90) -> 23
H44: بيع | I44: قنينة | J44: -500 | K44: 100 | L44: ='23-04'!$K44+('23-04'!$J44/90) -> 94.444444
H45: بيع | I45: مبيع | K45: 10 | L45: ='23-04'!$K45+('23-04'!$J45/90) -> 10
H46: بيع | I46: سكر ميني | J46: 200 | L46: ='23-04'!$K46+('23-04'!$J46/90) -> 2.2222222
H47: سحب | I47: مع الحاج | J47: -120 | L47: ='23-04'!$K47+('23-04'!$J47/90) -> -1.3333333
H48: سحب | I48: من الخزنة | J48: 10000 | L48: ='23-04'!$K48+('23-04'!$J48/90) -> 111.11111
H49: بيع | I49: مبيع | J49: -810 | K49: 10 | L49: ='23-04'!$K49+('23-04'!$J49/90) -> 1
H50: بيع | I50: قلب ومسكة | J50: 380 | L50: ='23-04'!$K50+('23-04'!$J50/90) -> 4.2222222
H51: بيع | J51: 200 | L51: ='23-04'!$K51+('23-04'!$J51/90) -> 2.2222222
H52: سحب | I52: مع الحاج | J52: -2000 | L52: ='23-04'!$K52+('23-04'!$J52/90) -> -22.222222
H53: بيع | I53: الأحمد | J53: -450 | K53: 20 | L53: ='23-04'!$K53+('23-04'!$J53/90) -> 15
H54: بيع | I54: براغي | K54: 7 | L54: ='23-04'!$K54+('23-04'!$J54/90) -> 7
H55: بيع | K55: 90 | L55: ='23-04'!$K55+('23-04'!$J55/90) -> 90
H56: سحب | I56: مع الحاج | K56: -400 | L56: ='23-04'!$K56+('23-04'!$J56/90) -> -400
H57: بيع | K57: 38 | L57: ='23-04'!$K57+('23-04'!$J57/90) -> 38
H58: بيع | I58: محمود فواز | J58: -270 | K58: 15 | L58: ='23-04'!$K58+('23-04'!$J58/90) -> 12
H59: بيع | I59: باكس | K59: 14 | L59: ='23-04'!$K59+('23-04'!$J59/90) -> 14
H60: بيع | I60: واصف سنو | K60: 10 | L60: ='23-04'!$K60+('23-04'!$J60/90) -> 10
H61: بيع | J61: 300 | L61: ='23-04'!$K61+('23-04'!$J61/90) -> 3.3333333
H62: بيع | I62: تركية | J62: 300 | K62: 265 | L62: ='23-04'!$K62+('23-04'!$J62/90) -> 268.33333
H63: بيع | I63: عبد | J63: 150 | L63: ='23-04'!$K63+('23-04'!$J63/90) -> 1.6666667
H64: بيع | I64: عدة كبس عيتاني | J64: 450 | K64: 10 | L64: ='23-04'!$K64+('23-04'!$J64/90) -> 15
H65: بيع | I65: براغي وريشة | J65: 350 | L65: ='23-04'!$K65+('23-04'!$J65/90) -> 3.8888889
H66: بيع | J66: 100 | L66: ='23-04'!$K66+('23-04'!$J66/90) -> 1.1111111
H67: بيع | I67: نربيج زراعي | J67: 150 | L67: ='23-04'!$K67+('23-04'!$J67/90) -> 1.6666667
H68: بيع | I68: مطابقة | J68: -540 | K68: -24 | L68: ='23-04'!$K68+('23-04'!$J68/90) -> -30 | N68: مطابق | P68: 1485 | S68: 10695
H69: بيع | I69: أبو المجد | J69: -270 | K69: 20 | L69: ='23-04'!$K69+('23-04'!$J69/90) -> 17
H70: بيع | I70: عدة سحب عيتاني | J70: 1350 | L70: ='23-04'!$K70+('23-04'!$J70/90) -> 15
H71: بيع | J71: -400 | K71: 10 | L71: ='23-04'!$K71+('23-04'!$J71/90) -> 5.5555556
H72: بيع | I72: معمار | K72: 3000 | L72: ='23-04'!$K72+('23-04'!$J72/90) -> 3000
H73: بيع | I73: محمود سلامة | J73: -315 | L73: ='23-04'!$K73+('23-04'!$J73/90) -> -3.5
H74: بيع | I74: قسطل 25 وتيه | J74: -180 | K74: 10 | L74: ='23-04'!$K74+('23-04'!$J74/90) -> 8
H75: بيع | K75: 5 | L75: ='23-04'!$K75+('23-04'!$J75/90) -> 5
H76: بيع | I76: طبوش | J76: 150 | K76: 20 | L76: ='23-04'!$K76+('23-04'!$J76/90) -> 21.666667
H77: بيع | I77: سبراي | J77: 150 | L77: ='23-04'!$K77+('23-04'!$J77/90) -> 1.6666667
H78: بيع | J78: 70 | L78: ='23-04'!$K78+('23-04'!$J78/90) -> 0.77777778
H79: بيع | I79: حسين السيد | J79: 400 | L79: ='23-04'!$K79+('23-04'!$J79/90) -> 4.4444444
H80: سحب | I80: مع الحاج بيد جهاد | K80: -70 | L80: ='23-04'!$K80+('23-04'!$J80/90) -> -70
H81: بيع | I81: سك غروهي وكوع | J81: -570 | K81: 20 | L81: ='23-04'!$K81+('23-04'!$J81/90) -> 13.666667
H82: بيع | J82: -700 | K82: 20 | L82: ='23-04'!$K82+('23-04'!$J82/90) -> 12.222222
H83: سحب | I83: للحاج بيد احمد | K83: -650 | L83: ='23-04'!$K83+('23-04'!$J83/90) -> -650
H84: بيع | J84: 100 | L84: ='23-04'!$K84+('23-04'!$J84/90) -> 1.1111111
H85: بيع | I85: فاتورة بياض | K85: 740 | L85: ='23-04'!$K85+('23-04'!$J85/90) -> 740
H86: سحب | I86: من الحاج | K86: 10 | L86: ='23-04'!$K86+('23-04'!$J86/90) -> 10
H87: بيع | I87: رزيستنس 1200 | K87: 10 | L87: ='23-04'!$K87+('23-04'!$J87/90) -> 10
H88: بيع | I88: خلاط دوش ومغسلة | J88: -270 | K88: 40 | L88: ='23-04'!$K88+('23-04'!$J88/90) -> 37
H89: بيع | I89: سكر زاوية | J89: 225 | L89: ='23-04'!$K89+('23-04'!$J89/90) -> 2.5
H90: بيع | I90: قازان غاز | J90: -270 | K90: 80 | L90: ='23-04'!$K90+('23-04'!$J90/90) -> 77
H91: بيع | I91: فرق سكر | J91: 50 | L91: ='23-04'!$K91+('23-04'!$J91/90) -> 0.55555556
H92: بيع | J92: -585 | K92: 10 | L92: ='23-04'!$K92+('23-04'!$J92/90) -> 3.5
H93: بيع | I93: محمد الأسمر | J93: -720 | K93: 90 | L93: ='23-04'!$K93+('23-04'!$J93/90) -> 82
H94: بيع | I94: محمد قيسي | J94: -630 | K94: 50 | L94: ='23-04'!$K94+('23-04'!$J94/90) -> 43
H95: بيع | J95: -1800 | K95: 20 | L95: ='23-04'!$K95+('23-04'!$J95/90) -> 0
H96: بيع | I96: 3 ام بيروت | J96: -360 | K96: 10 | L96: ='23-04'!$K96+('23-04'!$J96/90) -> 6
H97: بيع | I97: فرق خلاطات | J97: -450 | L97: ='23-04'!$K97+('23-04'!$J97/90) -> -5
H98: بيع | I98: سيليكون مع فرد | J98: 100 | K98: 10 | L98: ='23-04'!$K98+('23-04'!$J98/90) -> 11.111111
H99: بيع | I99: أبو زكور | K99: 50 | L99: ='23-04'!$K99+('23-04'!$J99/90) -> 50
H100: بيع | I100: رزيستنس 1200 | K100: 10 | L100: ='23-04'!$K100+('23-04'!$J100/90) -> 10
...

Sheet 24-04
I1: حركة الصندوق | J1: =SUM(J3:J18) -> 2780 | K1: =SUM(K3:K18) -> 170 | L1: =SUM(L3:L18) -> 200.88889
H2: العملية | I2: البيان | J2: اللبناني | K2: الدولار | L2: مبيع $
H3: بيع | I3: مصفاية أكياس ردم | J3: 400 | L3: =K3+(J3/90) -> 4.4444444
H4: بيع | I4: ديسك 11.5 | J4: -450 | K4: 20 | L4: =K4+(J4/90) -> 15
H5: مصاريف | I5: كبايات | J5: -200 | L5: =K5+(J5/90) -> -2.2222222
H6: بيع | I6: خزان | J6: 2700 | K6: 100 | L6: =K6+(J6/90) -> 130
H7: بيع | J7: 600 | L7: =K7+(J7/90) -> 6.6666667
H8: بيع | J8: -450 | K8: 50 | L8: =K8+(J8/90) -> 45
H9: بيع | J9: 180 | L9: =K9+(J9/90) -> 2
H10: سحب | J10: 300 | L10: =K10+(J10/90) -> 3.3333333
H11: مصاريف | J11: -300 | L11: =K11+(J11/90) -> -3.3333333
H12: بيع | L12: =K12+(J12/90) -> 0
H13: بيع | L13: =K13+(J13/90) -> 0
H14: بيع | L14: =K14+(J14/90) -> 0
H15: بيع | L15: =K15+(J15/90) -> 0
H16: بيع | L16: =K16+(J16/90) -> 0
H17: بيع | L17: =K17+(J17/90) -> 0
A18: رصيد قديم من تاريخ | H18: بيع | L18: =K18+(J18/90) -> 0
A19: 23-04
A20: جرد اول النهار | I20: حركة الصندوق | J20: =SUM('24-04'!$J$22:$J$123) -> -2240 | K20: =SUM('24-04'!$K$22:$K$123) -> 20 | L20: =SUM('24-04'!$L$22:$L$123) -> -4.8888889 | N20: جرد اخر النهار
A21: الفئة دولار | B21: العدد | C21: المجموع | D21: الفئة لبناني | E21: العدد | F21: المجموع | H21: العملية | I21: البيان | J21: اللبناني | K21: الدولار | L21: مبيع $ | N21: الفئة دولار | O21: العدد | P21: المجموع | Q21: الفئة لبناني | R21: العدد | S21: المجموع
A22: 1 | C22: =A22*B22 -> 0 | D22: 5 | E22: 5 | F22: =D22*E22 -> 25 | H22: بيع | L22: ='24-04'!$K22+('24-04'!$J22/90) -> 0 | N22: 1 | P22: =N22*O22 -> 0 | Q22: 5 | R22: 1 | S22: =Q22*R22 -> 5
A23: 5 | C23: =A23*B23 -> 0 | D23: 10 | E23: 63 | F23: =D23*E23 -> 630 | H23: بيع | I23: عمر حجازي | K23: 55 | L23: ='24-04'!$K23+('24-04'!$J23/90) -> 55 | N23: 5 | O23: 2 | P23: =N23*O23 -> 10 | Q23: 10 | R23: 51 | S23: =Q23*R23 -> 510
A24: 10 | B24: 76 | C24: =A24*B24 -> 760 | D24: 20 | E24: 25 | F24: =D24*E24 -> 500 | H24: بيع | J24: 100 | K24: 30 | L24: ='24-04'!$K24+('24-04'!$J24/90) -> 31.111111 | N24: 10 | O24: 91 | P24: =N24*O24 -> 910 | Q24: 20 | R24: 5 | S24: =Q24*R24 -> 100
A25: 20 | B25: 9 | C25: =A25*B25 -> 180 | D25: 50 | F25: =D25*E25 -> 0 | H25: بيع | K25: 200 | L25: ='24-04'!$K25+('24-04'!$J25/90) -> 200 | N25: 20 | O25: 7 | P25: =N25*O25 -> 140 | Q25: 50 | S25: =Q25*R25 -> 0
A26: 50 | B26: 2 | C26: =A26*B26 -> 100 | D26: 100 | E26: 55 | F26: =D26*E26 -> 5500 | H26: بيع | I26: خلاط | J26: 450 | K26: 50 | L26: ='24-04'!$K26+('24-04'!$J26/90) -> 55 | N26: 50 | O26: 2 | P26: =N26*O26 -> 100 | Q26: 100 | R26: 68 | S26: =Q26*R26 -> 6800
A27: 100 | C27: =A27*B27 -> 0 | D27: المجموع | F27: =SUM(F22:F26) -> 6655 | H27: بيع | J27: 70 | L27: ='24-04'!$K27+('24-04'!$J27/90) -> 0.77777778 | N27: 100 | O27: 16 | P27: =N27*O27 -> 1600 | Q27: المجموع | S27: =SUM(S22:S26) -> 7415
A28: المجموع | C28: =SUM(C22:C27) -> 1040 | H28: بيع | J28: 1100 | K28: 25 | L28: ='24-04'!$K28+('24-04'!$J28/90) -> 37.222222 | N28: المجموع | P28: =SUM(P22:P27) -> 2760
B29: 0 | D29: حركة الصندوق ل.ل | F29: {=INDIRECT("'"&$A$19&"'!J20")+J1} -> 1260 | H29: بيع | I29: بلا اسيد | J29: 180 | L29: ='24-04'!$K29+('24-04'!$J29/90) -> 2 | Q29: حركة الصندوق ل.ل | S29: =SUM('24-04'!$J$22:$J$123) -> -2240
A30: حركة الصندوق $ | C30: {=INDIRECT("'"&$A$19&"'!K20")+K1} -> -1115 | H30: بيع | I30: سيفون P | J30: 640 | L30: ='24-04'!$K30+('24-04'!$J30/90) -> 7.1111111 | N30: حركة الصندوق $ | P30: =SUM('24-04'!$K$22:$K$123) -> 20
D31: الفرق | F31: {=F27-F29-INDIRECT("'"&$A$19&"'!f27")} -> 0 | H31: بيع | I31: برجس | J31: -360 | K31: 40 | L31: ='24-04'!$K31+('24-04'!$J31/90) -> 36 | Q31: الفرق | S31: =S27-S29-F27 -> 3000
A32: الفرق | C32: {=C28-C30-INDIRECT("'"&$A$19&"'!c28")} -> 0 | H32: بيع | I32: مصطفى الحلبي | K32: 6 | L32: ='24-04'!$K32+('24-04'!$J32/90) -> 6 | N32: الفرق | P32: =P28-P30-C28 -> 1700
H33: بيع | I33: أبو الحسن | K33: 10 | L33: ='24-04'!$K33+('24-04'!$J33/90) -> 10
H34: بيع | I34: مع الحاج | K34: 100 | L34: ='24-04'!$K34+('24-04'!$J34/90) -> 100
H35: سحب | I35: مع الحاج | K35: -100 | L35: ='24-04'!$K35+('24-04'!$J35/90) -> -100
H36: بيع | I36: سيليكون | J36: 160 | L36: ='24-04'!$K36+('24-04'!$J36/90) -> 1.7777778
H37: بيع | J37: -150 | K37: 5 | L37: ='24-04'!$K37+('24-04'!$J37/90) -> 3.3333333
H38: بيع | I38: علي ايبو | J38: 380 | L38: ='24-04'!$K38+('24-04'!$J38/90) -> 4.2222222
H39: بيع | I39: مرتجع خلاط وعنق | J39: -360 | K39: -25 | L39: ='24-04'!$K39+('24-04'!$J39/90) -> -29
H40: بيع | K40: 7 | L40: ='24-04'!$K40+('24-04'!$J40/90) -> 7
H41: بيع | I41: أسامة تركية | K41: 300 | L41: ='24-04'!$K41+('24-04'!$J41/90) -> 300
H42: بيع | J42: 110 | L42: ='24-04'!$K42+('24-04'!$J42/90) -> 1.2222222
H43: بيع | J43: 350 | L43: ='24-04'!$K43+('24-04'!$J43/90) -> 3.8888889
H44: بيع | I44: اكواع | K44: 7 | L44: ='24-04'!$K44+('24-04'!$J44/90) -> 7
H45: بيع | J45: 90 | L45: ='24-04'!$K45+('24-04'!$J45/90) -> 1
H46: سحب | I46: للحاج | J46: -200 | L46: ='24-04'!$K46+('24-04'!$J46/90) -> -2.2222222
H47: بيع | I47: ركور | J47: 210 | L47: ='24-04'!$K47+('24-04'!$J47/90) -> 2.3333333
H48: بيع | J48: 50 | L48: ='24-04'!$K48+('24-04'!$J48/90) -> 0.55555556
H49: بيع | J49: 50 | L49: ='24-04'!$K49+('24-04'!$J49/90) -> 0.55555556
H50: بيع | I50: نايلون كروتون | J50: -20 | K50: 15 | L50: ='24-04'!$K50+('24-04'!$J50/90) -> 14.777778
H51: بيع | J51: 50 | L51: ='24-04'!$K51+('24-04'!$J51/90) -> 0.55555556
H52: بيع | I52: محمد القييسي | J52: -100 | K52: 45 | L52: ='24-04'!$K52+('24-04'!$J52/90) -> 43.888889
H53: بيع | I53: موتير اكوا | J53: -630 | K53: 30 | L53: ='24-04'!$K53+('24-04'!$J53/90) -> 23
H54: بيع | J54: -675 | K54: 10 | L54: ='24-04'!$K54+('24-04'!$J54/90) -> 2.5
H55: بيع | I55: ترابة | J55: 100 | L55: ='24-04'!$K55+('24-04'!$J55/90) -> 1.1111111
H56: بيع | I56: شقير | J56: -270 | K56: 10 | L56: ='24-04'!$K56+('24-04'!$J56/90) -> 7
H57: بيع | I57: مسكة شطافة م غروهي | J57: 300 | L57: ='24-04'!$K57+('24-04'!$J57/90) -> 3.3333333
H58: بيع | I58: خزان وموتير | J58: -900 | K58: 200 | L58: ='24-04'!$K58+('24-04'!$J58/90) -> 190
H59: بيع | I59: زراعي | J59: 650 | L59: ='24-04'!$K59+('24-04'!$J59/90) -> 7.2222222
H60: بيع | I60: خالد أبو الدفن | J60: -110 | K60: 10 | L60: ='24-04'!$K60+('24-04'!$J60/90) -> 8.7777778
H61: بيع | I61: مسكة شطافة وجوان | J61: 700 | L61: ='24-04'!$K61+('24-04'!$J61/90) -> 7.7777778
H62: بيع | I62: حسام الصانع بيد ايراهيم | J62: -450 | K62: -10 | L62: ='24-04'!$K62+('24-04'!$J62/90) -> -15
H63: بيع | J63: -100 | K63: 10 | L63: ='24-04'!$K63+('24-04'!$J63/90) -> 8.8888889
